tau,S_fi,S_geo,S_sd,overlap_fi_geo,overlap_fi_sd,pct_fi,pct_geo,pct_sd,sd_fi,sd_geo,sd_opt,on_signed,off_frac,sp_Fi_total,sp_Fi_diag,setting,pattern,strength,realization,J_over_U,D_S,C_S_burn
1,"(3, 4)","(2, 3)","(1, 5)",0.5,0.0,93.33333333333331,86.66666666666667,20.0,-0.0042122849398118,-0.0028581724824805,0.0028660824267505,-0.0178469431446244,0.6769543196930767,0.942857142857143,-0.7714285714285715,disorder,rand,0.5,0,0.12,0.0178469431446244,0.01634679452045327
2,"(3, 4)","(2, 3)","(0, 5)",0.5,0.0,100.0,86.66666666666667,20.0,-0.0121601547534921,-0.0073108120436859,0.0061565917203201,-0.0389223418627433,0.6610363873986279,0.7714285714285715,-0.4285714285714286,disorder,rand,0.5,0,0.12,0.0389223418627433,0.01634679452045327
3,"(3, 4)","(2, 3)","(2, 4)",0.5,0.5,93.33333333333331,86.66666666666667,100.0,-0.0097031082164722,-0.0036707891972731,0.0349426700801391,-0.0616223533712225,0.6562121020145665,0.4285714285714286,0.1428571428571428,disorder,rand,0.5,0,0.12,0.0616223533712225,0.01634679452045327
1,"(2, 3)","(2, 3)","(0, 5)",1.0,0.0,100.0,100.0,20.0,-0.0089413379676095,-0.0089413379676095,0.0052096468536722,-0.0350156618670425,0.6295477497223696,0.7714285714285715,-0.8857142857142858,disorder,rand,0.5,0,0.2,0.0350156618670425,0.03430802641966241
2,"(2, 3)","(2, 3)","(0, 5)",1.0,0.0,100.0,100.0,20.0,-0.0182408572190784,-0.0182408572190784,0.0088968574235624,-0.0741131205547012,0.622763250123262,0.5428571428571429,-0.6571428571428573,disorder,rand,0.5,0,0.2,0.0741131205547012,0.03430802641966241
3,"(2, 3)","(2, 3)","(2, 4)",1.0,0.5,100.0,100.0,86.66666666666667,0.0105567701377973,0.0105567701377973,0.04802519980028,-0.1169376026490922,0.6195048788702184,0.2,0.3142857142857143,disorder,rand,0.5,0,0.2,0.1169376026490922,0.03430802641966241
1,"(2, 3)","(2, 3)","(0, 5)",1.0,0.0,100.0,100.0,20.0,-0.0157193779363484,-0.0157193779363484,0.0060039565350927,-0.0517309268467521,0.5863244309353565,0.8857142857142858,-0.942857142857143,disorder,rand,0.5,0,0.3,0.0517309268467521,0.05476427098066636
2,"(2, 3)","(2, 3)","(0, 4)",1.0,0.0,100.0,100.0,33.33333333333333,-0.0187715563444568,-0.0187715563444568,0.0114253633215097,-0.108106184825899,0.5879905340481215,0.5428571428571429,-0.1428571428571428,disorder,rand,0.5,0,0.3,0.108106184825899,0.05476427098066636
3,"(2, 3)","(2, 3)","(2, 4)",1.0,0.5,100.0,100.0,86.66666666666667,0.0656352210470501,0.0656352210470501,0.0725322006062989,-0.1710445647097547,0.5827627710746863,0.3142857142857143,0.5428571428571429,disorder,rand,0.5,0,0.3,0.1710445647097547,0.05476427098066636
1,"(2, 3)","(2, 3)","(0, 5)",1.0,0.0,100.0,100.0,20.0,-0.020369735984268,-0.020369735984268,0.0026987066493833,-0.0573874286877907,0.5884528662453061,0.942857142857143,-0.942857142857143,disorder,rand,0.5,0,0.4,0.0573874286877907,0.06205215593942251
2,"(2, 3)","(2, 3)","(0, 3)",1.0,0.5,100.0,100.0,80.0,0.0010632867589033,0.0010632867589033,0.0062909733102178,-0.1228527167183103,0.578105019840419,0.5428571428571429,0.0857142857142857,disorder,rand,0.5,0,0.4,0.1228527167183103,0.06205215593942251
3,"(2, 3)","(2, 3)","(2, 3)",1.0,1.0,100.0,100.0,100.0,0.1288187581712019,0.1288187581712019,0.1288187581712019,-0.1919602673795477,0.577643120551276,0.942857142857143,0.8285714285714287,disorder,rand,0.5,0,0.4,0.1919602673795477,0.06205215593942251
1,"(1, 2)","(2, 3)","(3, 4)",0.5,0.0,46.666666666666664,20.0,20.0,-0.0018955054059216,0.0010777109771778,0.0021765007274242,-0.0038419336013828,0.8975385411378808,0.4857142857142857,-0.6571428571428573,disorder,rand,0.5,1,0.12,0.0038419336013828,0.005880403833436345
2,"(1, 2)","(2, 3)","(3, 5)",0.5,0.0,40.0,20.0,80.0,-0.0043483975298946,0.0016293693053753,0.0045272327930911,-0.0064828544275274,0.916530169920908,0.7714285714285715,-0.6,disorder,rand,0.5,1,0.12,0.0064828544275274,0.005880403833436345
3,"(1, 2)","(2, 3)","(1, 5)",0.5,0.5,53.333333333333336,20.0,100.0,0.0046514692696864,0.000696196219671,0.0220723418958346,-0.0126925177375012,0.8918187481178805,0.6,-0.0857142857142857,disorder,rand,0.5,1,0.12,0.0126925177375012,0.005880403833436345
1,"(1, 2)","(2, 3)","(3, 4)",0.5,0.0,40.0,26.666666666666668,20.0,-0.0041251987658952,0.0003495053265892,0.0014264561999757,-0.0013798064740286,0.9129291543282104,0.8285714285714287,-1.0,disorder,rand,0.5,1,0.2,0.0013798064740286,0.003080720345528724
2,"(1, 2)","(2, 3)","(3, 5)",0.5,0.0,40.0,33.33333333333333,73.33333333333333,-0.0124187193438607,-0.003583540546786,0.008091882275793,-0.0043271361152255,0.9389405080043922,0.3142857142857143,-0.3142857142857143,disorder,rand,0.5,1,0.2,0.0043271361152255,0.003080720345528724
3,"(1, 2)","(2, 3)","(1, 5)",0.5,0.5,40.0,20.0,86.66666666666667,0.0047689304280768,-0.0075203948028071,0.0408065941307367,-0.0131893163144492,0.929435267411438,-0.3714285714285715,0.6,disorder,rand,0.5,1,0.2,0.0131893163144492,0.003080720345528724
1,"(0, 1)","(2, 3)","(0, 5)",0.0,0.5,86.66666666666667,20.0,100.0,-0.0076429970228064,-0.0032138256113883,0.0013521619133749,-0.0166717360219262,0.7282339131354897,0.2571428571428572,-0.0857142857142857,disorder,rand,0.5,1,0.3,0.0166717360219262,0.014920845910950666
2,"(0, 1)","(2, 3)","(0, 5)",0.0,0.5,80.0,20.0,100.0,-0.0147316602643365,-0.0174867776697384,0.0249068562643539,-0.037872110725336,0.6935879638696386,-0.5428571428571429,0.1428571428571428,disorder,rand,0.5,1,0.3,0.037872110725336,0.014920845910950666
3,"(0, 1)","(2, 3)","(0, 5)",0.0,0.5,80.0,20.0,100.0,0.0247265757499215,-0.0218408261758357,0.0824021513778194,-0.0620248291954996,0.6656432106380582,-0.942857142857143,0.4285714285714286,disorder,rand,0.5,1,0.3,0.0620248291954996,0.014920845910950666
1,"(0, 1)","(2, 3)","(0, 5)",0.0,0.5,100.0,20.0,80.0,-0.0096805337952599,-0.0122908822694295,0.0048964941583407,-0.0146915803279773,0.5410923103550395,-0.1428571428571428,-0.0857142857142857,disorder,rand,0.5,1,0.4,0.0146915803279773,0.0160402307111378
2,"(0, 1)","(2, 3)","(0, 5)",0.0,0.5,100.0,33.33333333333333,93.33333333333331,-0.0081856509705724,-0.0360598252583188,0.0348192984769302,-0.0334201823181748,0.5335702864425711,-0.6,0.4285714285714286,disorder,rand,0.5,1,0.4,0.0334201823181748,0.0160402307111378
3,"(0, 1)","(2, 3)","(0, 5)",0.0,0.5,100.0,33.33333333333333,93.33333333333331,0.0541166803468762,-0.0279204284116868,0.1056131529603976,-0.059405026263294,0.524721046834376,-0.8857142857142858,0.4285714285714286,disorder,rand,0.5,1,0.4,0.059405026263294,0.0160402307111378
1,"(2, 3)","(2, 3)","(1, 4)",1.0,0.0,93.33333333333331,93.33333333333331,60.0,-0.0062960633618447,-0.0062960633618447,0.0058808200900328,-0.0052080370046788,0.7032882983269735,0.8857142857142858,-0.6,disorder,rand,0.5,2,0.12,0.0052080370046788,0.005428831723166742
2,"(2, 3)","(2, 3)","(1, 4)",1.0,0.0,60.0,60.0,93.33333333333331,-0.0314406664140465,-0.0314406664140465,0.0344397978112098,-0.0072198296997781,0.7908377565248412,0.6571428571428573,-0.7142857142857143,disorder,rand,0.5,2,0.12,0.0072198296997781,0.005428831723166742
3,"(2, 3)","(2, 3)","(1, 4)",1.0,0.0,46.666666666666664,46.666666666666664,93.33333333333331,-0.0666882059268114,-0.0666882059268114,0.0747452925307157,-0.007478116789145,0.8753857976466021,0.6571428571428573,-0.6,disorder,rand,0.5,2,0.12,0.007478116789145,0.005428831723166742
1,"(3, 4)","(2, 3)","(1, 4)",0.5,0.5,93.33333333333331,40.0,100.0,-0.0023296519857685,-0.0141544193976711,0.0105507828892426,-0.0126838994862651,0.7345486720655234,0.6571428571428573,-0.1428571428571428,disorder,rand,0.5,2,0.2,0.0126838994862651,0.0120259395173422
2,"(3, 4)","(2, 3)","(1, 4)",0.5,0.5,86.66666666666667,40.0,100.0,-0.0053397649523134,-0.0654351801362301,0.0642192019090615,-0.0326876701662673,0.6528213155762564,0.6571428571428573,-0.0857142857142857,disorder,rand,0.5,2,0.2,0.0326876701662673,0.0120259395173422
3,"(3, 4)","(2, 3)","(1, 4)",0.5,0.5,86.66666666666667,40.0,100.0,-0.0050527968328867,-0.1293156700475534,0.1482114447302307,-0.059493418773671,0.6104059235230419,0.6571428571428573,-0.0857142857142857,disorder,rand,0.5,2,0.2,0.059493418773671,0.0120259395173422
1,"(1, 4)","(2, 3)","(1, 4)",0.0,1.0,100.0,40.0,100.0,0.0182793266535818,-0.0265944538505535,0.0182793266535818,-0.0252968458768997,0.641749193967264,0.5428571428571429,0.4285714285714286,disorder,rand,0.5,2,0.3,0.0252968458768997,0.01815263111627147
2,"(1, 4)","(2, 3)","(1, 4)",0.0,1.0,100.0,40.0,100.0,0.1030824700834509,-0.1035328745912977,0.1030824700834509,-0.0805296930427957,0.5406496164533302,0.4857142857142857,0.3714285714285715,disorder,rand,0.5,2,0.3,0.0805296930427957,0.01815263111627147
3,"(1, 4)","(2, 3)","(1, 4)",0.0,1.0,100.0,40.0,100.0,0.2347899544592269,-0.1695733633345358,0.2347899544592269,-0.1549560658705178,0.5099492072195951,0.6,0.4285714285714286,disorder,rand,0.5,2,0.3,0.1549560658705178,0.01815263111627147
1,"(1, 4)","(2, 3)","(1, 4)",0.0,1.0,100.0,40.0,100.0,0.0231093456643527,-0.0374266036984333,0.0231093456643527,-0.0366092575028234,0.5716636272215799,0.1428571428571428,0.4285714285714286,disorder,rand,0.5,2,0.4,0.0366092575028234,0.019778321537626105
2,"(1, 4)","(2, 3)","(1, 4)",0.0,1.0,100.0,40.0,100.0,0.1268632906951194,-0.1167344298353156,0.1268632906951194,-0.1128076255483498,0.5000000000000008,0.3714285714285715,0.4285714285714286,disorder,rand,0.5,2,0.4,0.1128076255483498,0.019778321537626105
3,"(1, 4)","(2, 3)","(1, 4)",0.0,1.0,100.0,40.0,100.0,0.2955502458530901,-0.1552698712093869,0.2955502458530901,-0.1964534402761579,0.5000000000000001,0.8285714285714287,0.8857142857142858,disorder,rand,0.5,2,0.4,0.1964534402761579,0.019778321537626105
1,"(4, 5)","(2, 3)","(3, 4)",0.0,0.5,73.33333333333333,40.0,40.0,-0.0012191144705289,0.001120916407791,0.0023256566754248,-0.0049434783148354,0.5691887208622356,0.6,-0.6,disorder,rand,0.5,3,0.12,0.0049434783148354,0.004655875362626546
2,"(4, 5)","(2, 3)","(1, 3)",0.0,0.0,73.33333333333333,20.0,46.666666666666664,-0.0049072016138393,-0.0033074032443608,0.0104910372040371,-0.010789892684467,0.5339739704216975,0.3714285714285715,-0.0857142857142857,disorder,rand,0.5,3,0.12,0.010789892684467,0.004655875362626546
3,"(4, 5)","(2, 3)","(1, 3)",0.0,0.0,73.33333333333333,40.0,46.666666666666664,-0.010588159562167,-0.0192808535047545,0.0416566196133968,-0.0177645972394129,0.5097401201873976,0.0857142857142857,0.0857142857142857,disorder,rand,0.5,3,0.12,0.0177645972394129,0.004655875362626546
1,"(1, 5)","(2, 3)","(1, 3)",0.0,0.5,93.33333333333331,20.0,26.666666666666668,-0.0028062450243815,0.0003138936130089,0.0024965318238673,-0.0209085058880367,0.6528369576299036,-0.3142857142857143,-0.2,disorder,rand,0.5,3,0.2,0.0209085058880367,0.024445192171292873
2,"(1, 5)","(2, 3)","(1, 3)",0.0,0.5,93.33333333333331,20.0,33.33333333333333,0.0035100728265213,-0.0168698856939863,0.0153691325646757,-0.0469751015905336,0.6284559197483668,-0.0857142857142857,0.2571428571428572,disorder,rand,0.5,3,0.2,0.0469751015905336,0.024445192171292873
3,"(1, 5)","(2, 3)","(1, 3)",0.0,0.5,100.0,20.0,46.666666666666664,0.0398573340503816,-0.0562242932356735,0.0507911711770475,-0.0878252642238732,0.5712098779098093,-0.0285714285714285,0.3714285714285715,disorder,rand,0.5,3,0.2,0.0878252642238732,0.024445192171292873
1,"(0, 1)","(2, 3)","(0, 3)",0.0,0.5,93.33333333333331,13.333333333333334,46.666666666666664,-0.0027256276110421,-0.0076587149169393,-0.0004511446053728,-0.0179671639740243,0.6908251072475474,-0.3142857142857143,0.0285714285714285,disorder,rand,0.5,3,0.3,0.0179671639740243,0.01718291043755986
2,"(0, 1)","(2, 3)","(0, 1)",0.0,1.0,100.0,13.333333333333334,100.0,0.0091069911339614,-0.0497955634096725,0.0091069911339614,-0.0447038556183438,0.6585646600172196,-0.7714285714285715,0.7714285714285715,disorder,rand,0.5,3,0.3,0.0447038556183438,0.01718291043755986
3,"(0, 1)","(2, 3)","(0, 1)",0.0,1.0,100.0,13.333333333333334,100.0,0.0700971842897335,-0.1025822942250148,0.0700971842897335,-0.0804958486563662,0.6335275423522883,-0.4285714285714286,0.942857142857143,disorder,rand,0.5,3,0.3,0.0804958486563662,0.01718291043755986
1,"(0, 1)","(2, 3)","(0, 5)",0.0,0.5,100.0,33.33333333333333,53.333333333333336,-0.0041120900706703,-0.0188458879803499,0.0005396925842904,-0.0190575317989841,0.5000000000000037,-0.4857142857142857,0.6,disorder,rand,0.5,3,0.4,0.0190575317989841,0.018199852195078706
2,"(0, 1)","(2, 3)","(0, 1)",0.0,1.0,100.0,26.666666666666668,100.0,0.0167596764218114,-0.0733084140087153,0.0167596764218114,-0.049554067269471,0.5000000000000011,-0.7714285714285715,0.8857142857142858,disorder,rand,0.5,3,0.4,0.049554067269471,0.018199852195078706
3,"(0, 1)","(2, 3)","(0, 1)",0.0,1.0,100.0,26.666666666666668,100.0,0.1034374008172522,-0.1028118091586993,0.1034374008172522,-0.0930598483692648,0.4999999999999998,-0.1428571428571428,0.942857142857143,disorder,rand,0.5,3,0.4,0.0930598483692648,0.018199852195078706
1,"(3, 5)","(2, 3)","(0, 2)",0.5,0.0,33.33333333333333,26.666666666666668,46.666666666666664,-0.0002419049425422,-0.0001186364734795,0.0021898226362232,0.0051200776195233,0.7654281166122645,0.3142857142857143,-0.4857142857142857,disorder,rand,0.5,4,0.12,-0.0051200776195233,-0.0031364992678214595
2,"(3, 5)","(2, 3)","(0, 2)",0.5,0.0,26.666666666666668,33.33333333333333,46.666666666666664,-0.0017323537210373,-0.0016061470211778,0.0137986667247777,0.011916150169135,0.7606596878357461,-0.3714285714285715,-0.2571428571428572,disorder,rand,0.5,4,0.12,-0.011916150169135,-0.0031364992678214595
3,"(3, 5)","(2, 3)","(0, 5)",0.5,0.5,26.666666666666668,33.33333333333333,53.333333333333336,-0.0004816379440619,-0.0013079303677654,0.0371321909923655,0.0143003675579629,0.7418416148209753,-0.5428571428571429,-0.1428571428571428,disorder,rand,0.5,4,0.12,-0.0143003675579629,-0.0031364992678214595
1,"(3, 4)","(2, 3)","(0, 5)",0.5,0.0,100.0,33.33333333333333,53.333333333333336,-0.0076953182702643,-0.0027959474379973,0.0046730158965418,-0.0287706269883321,0.5722307845938659,0.4285714285714286,-0.3142857142857143,disorder,rand,0.5,4,0.2,0.0287706269883321,0.030231754801341597
2,"(3, 4)","(2, 3)","(0, 2)",0.5,0.0,100.0,40.0,46.666666666666664,-0.0203692668145255,-0.0140553552475808,0.0277582219716782,-0.0577471140500081,0.5524476133769999,-0.4285714285714286,-0.3714285714285715,disorder,rand,0.5,4,0.2,0.0577471140500081,0.030231754801341597
3,"(3, 4)","(2, 3)","(0, 4)",0.5,0.5,100.0,40.0,93.33333333333331,-0.0113665336870133,-0.0189246380080498,0.0770520802726282,-0.0882277493505688,0.5410644831358348,-0.7142857142857143,-0.0857142857142857,disorder,rand,0.5,4,0.2,0.0882277493505688,0.030231754801341597
1,"(3, 4)","(2, 3)","(0, 2)",0.5,0.0,100.0,60.0,26.666666666666668,-0.0095418603866692,-0.0094309970086248,0.0057908258653904,-0.029126201307032,0.5261236536809524,-0.4285714285714286,0.0285714285714285,disorder,rand,0.5,4,0.3,0.029126201307032,0.03286718669365874
2,"(3, 4)","(2, 3)","(0, 4)",0.5,0.5,100.0,53.333333333333336,93.33333333333331,-0.0155349714957109,-0.0307723313400937,0.0489051952666441,-0.0611849638045262,0.5173406198582652,-0.6571428571428573,0.2,disorder,rand,0.5,4,0.3,0.0611849638045262,0.03286718669365874
3,"(3, 4)","(2, 3)","(0, 4)",0.5,0.5,100.0,40.0,93.33333333333331,0.0295642698736753,-0.0295427053334218,0.1448308669270581,-0.0989267121421476,0.5131248148435552,-0.6,0.2571428571428572,disorder,rand,0.5,4,0.3,0.0989267121421476,0.03286718669365874
1,"(3, 4)","(2, 3)","(0, 4)",0.5,0.5,100.0,66.66666666666666,86.66666666666667,-0.0117234696888357,-0.0173410566564347,0.0078248493787169,-0.0259538447046868,0.5000000000000043,-0.4285714285714286,0.5428571428571429,disorder,rand,0.5,4,0.4,0.0259538447046868,0.027065525615095565
2,"(3, 4)","(2, 3)","(0, 4)",0.5,0.5,100.0,53.333333333333336,86.66666666666667,-0.0044134190394529,-0.0375318084660375,0.061556030781632,-0.0644621908010992,0.5000000000000018,-0.6571428571428573,0.6,disorder,rand,0.5,4,0.4,0.0644621908010992,0.027065525615095565
3,"(3, 4)","(2, 3)","(0, 4)",0.5,0.5,100.0,40.0,93.33333333333331,0.0747593358642528,-0.0123550888861007,0.1793968862135897,-0.1113276910652673,0.5000000000000002,-0.1428571428571428,0.7714285714285715,disorder,rand,0.5,4,0.4,0.1113276910652673,0.027065525615095565
1,"(1, 2)","(2, 3)","(2, 5)",0.5,0.5,46.666666666666664,86.66666666666667,20.0,-0.0009218879459746,0.0006107938803104,0.0012074985651276,0.0066144218453115,0.4881699044530579,0.8285714285714287,-0.2571428571428572,disorder,rand,0.5,5,0.12,-0.0066144218453115,-0.005120592084137654
2,"(1, 2)","(2, 3)","(3, 5)",0.5,0.0,46.666666666666664,86.66666666666667,73.33333333333333,-0.0055007512380128,0.004311469228409,0.0117743607320241,0.0154748597766915,0.4901568314176331,0.1428571428571428,0.0285714285714285,disorder,rand,0.5,5,0.12,-0.0154748597766915,-0.005120592084137654
3,"(1, 2)","(2, 3)","(1, 3)",0.5,0.5,60.0,86.66666666666667,100.0,-0.006233519873561,0.015913744626522,0.053580519408114,0.0227903594002199,0.4611186109149809,0.3142857142857143,0.3142857142857143,disorder,rand,0.5,5,0.12,-0.0227903594002199,-0.005120592084137654
1,"(1, 2)","(2, 3)","(3, 5)",0.5,0.0,40.0,93.33333333333331,73.33333333333333,-0.0064933514677073,-0.0033633573470764,0.0036063931578374,0.0063689751924364,0.7636455281895753,0.4285714285714286,-0.3142857142857143,disorder,rand,0.5,5,0.2,-0.0063689751924364,-0.0058734321047211775
2,"(1, 2)","(2, 3)","(3, 5)",0.5,0.0,40.0,93.33333333333331,73.33333333333333,-0.0281189111826907,-0.0078451023966219,0.0267252474789821,0.0117916946305137,0.72004931579795,0.2571428571428572,-0.1428571428571428,disorder,rand,0.5,5,0.2,-0.0117916946305137,-0.0058734321047211775
3,"(1, 2)","(2, 3)","(1, 3)",0.5,0.5,60.0,93.33333333333331,80.0,-0.0327092800618677,0.0061770292743523,0.0808521682667751,0.0126584441140985,0.6716659103092788,0.2571428571428572,0.3142857142857143,disorder,rand,0.5,5,0.2,-0.0126584441140985,-0.0058734321047211775
1,"(1, 3)","(2, 3)","(3, 5)",0.5,0.5,86.66666666666667,100.0,73.33333333333333,-0.0018066465699917,-0.010410176800758,0.0063940437478152,-0.0150659758444392,0.7009398881602021,-0.0285714285714285,-0.0857142857142857,disorder,rand,0.5,5,0.3,0.0150659758444392,0.015694104778205868
2,"(1, 3)","(2, 3)","(3, 5)",0.5,0.5,80.0,100.0,66.66666666666666,0.0176391982548007,-0.0220806281743474,0.0339193287540412,-0.0365303746047106,0.6811092176837147,0.0857142857142857,0.1428571428571428,disorder,rand,0.5,5,0.3,0.0365303746047106,0.015694104778205868
3,"(1, 3)","(2, 3)","(1, 3)",0.5,1.0,86.66666666666667,100.0,86.66666666666667,0.1023812055812212,0.0084034262548576,0.1023812055812212,-0.0805391207272562,0.5890664093629974,-0.0857142857142857,0.6,disorder,rand,0.5,5,0.3,0.0805391207272562,0.015694104778205868
1,"(1, 3)","(2, 3)","(3, 5)",0.5,0.5,93.33333333333331,100.0,66.66666666666666,-0.0045468713550311,-0.0176299433831672,0.006012897322847,-0.0216636357271005,0.6968945085616581,0.0857142857142857,0.0285714285714285,disorder,rand,0.5,5,0.4,0.0216636357271005,0.02963686317725001
2,"(1, 3)","(2, 3)","(3, 5)",0.5,0.5,86.66666666666667,100.0,73.33333333333333,0.0282898816982735,-0.0225308200220375,0.0375918655861662,-0.0495295919186307,0.6842776980672638,0.0857142857142857,0.3142857142857143,disorder,rand,0.5,5,0.4,0.0495295919186307,0.02963686317725001
3,"(1, 3)","(2, 3)","(1, 3)",0.5,1.0,93.33333333333331,100.0,93.33333333333331,0.1388585644631212,0.0367293878130497,0.1388585644631212,-0.1101088177406773,0.5705700502328812,0.2,0.8285714285714287,disorder,rand,0.5,5,0.4,0.1101088177406773,0.02963686317725001
1,"(2, 3)","(2, 3)","(0, 4)",1.0,0.0,40.0,40.0,20.0,-0.0014445438057442,-0.0014445438057442,0.0031601377429689,-0.000299858725387,0.8123518857155145,-0.2571428571428572,0.0285714285714285,disorder,rand,0.5,6,0.12,0.000299858725387,0.000869386533591439
2,"(2, 3)","(2, 3)","(0, 4)",1.0,0.0,40.0,40.0,20.0,-0.0056985356044714,-0.0056985356044714,0.0033267083062488,-0.000353057606359,0.8140897239277389,0.2571428571428572,-0.2,disorder,rand,0.5,6,0.12,0.000353057606359,0.000869386533591439
3,"(2, 3)","(2, 3)","(1, 4)",1.0,0.0,40.0,40.0,73.33333333333333,-0.0043499200451468,-0.0043499200451468,0.0098324995123866,-0.0017809311408919,0.8190674369727996,-0.4285714285714286,0.1428571428571428,disorder,rand,0.5,6,0.12,0.0017809311408919,0.000869386533591439
1,"(2, 3)","(2, 3)","(0, 5)",1.0,0.0,60.0,60.0,40.0,-0.0059751064641044,-0.0059751064641044,0.0012852587892797,-0.0059848391657513,0.901308595414029,0.8857142857142858,-0.942857142857143,disorder,rand,0.5,6,0.2,0.0059848391657513,0.006393516546480497
2,"(2, 3)","(2, 3)","(1, 5)",1.0,0.0,66.66666666666666,66.66666666666666,100.0,-0.0198158072695686,-0.0198158072695686,0.0065170404498737,-0.0130082093921036,0.8867417348178575,0.8285714285714287,-0.7142857142857143,disorder,rand,0.5,6,0.2,0.0130082093921036,0.006393516546480497
3,"(2, 3)","(2, 3)","(1, 5)",1.0,0.0,66.66666666666666,66.66666666666666,100.0,-0.0095759231111314,-0.0095759231111314,0.0404557302100339,-0.0229297983793952,0.8618794588638435,0.2,0.0857142857142857,disorder,rand,0.5,6,0.2,0.0229297983793952,0.006393516546480497
1,"(2, 3)","(2, 3)","(1, 5)",1.0,0.0,93.33333333333331,93.33333333333331,46.666666666666664,-0.0148662205680583,-0.0148662205680583,0.0026047933295753,-0.0207466000129319,0.7029952009476722,0.942857142857143,-0.6,disorder,rand,0.5,6,0.3,0.0207466000129319,0.02311702920861484
2,"(2, 3)","(2, 3)","(1, 5)",1.0,0.0,93.33333333333331,93.33333333333331,73.33333333333333,-0.0346720969109337,-0.0346720969109337,0.022652511927087,-0.0406120026720833,0.716777430570757,0.7142857142857143,-0.2571428571428572,disorder,rand,0.5,6,0.3,0.0406120026720833,0.02311702920861484
3,"(2, 3)","(2, 3)","(1, 5)",1.0,0.0,93.33333333333331,93.33333333333331,73.33333333333333,0.0016542863629387,0.0016542863629387,0.0759286700197492,-0.0612785330066366,0.7166976736716963,0.1428571428571428,0.3142857142857143,disorder,rand,0.5,6,0.3,0.0612785330066366,0.02311702920861484
1,"(2, 3)","(2, 3)","(1, 5)",1.0,0.0,100.0,100.0,46.666666666666664,-0.0226408066288807,-0.0226408066288807,0.0028184979164436,-0.027844887698339,0.681023002824011,0.8857142857142858,-0.7142857142857143,disorder,rand,0.5,6,0.4,0.027844887698339,0.0343484492002922
2,"(2, 3)","(2, 3)","(1, 5)",1.0,0.0,93.33333333333331,93.33333333333331,66.66666666666666,-0.0322303569406456,-0.0322303569406456,0.0256222818624479,-0.0523927405176081,0.7083827114771407,0.8857142857142858,0.3142857142857143,disorder,rand,0.5,6,0.4,0.0523927405176081,0.0343484492002922
3,"(2, 3)","(2, 3)","(1, 3)",1.0,0.5,93.33333333333331,93.33333333333331,80.0,0.0285323776945123,0.0285323776945123,0.100890472274876,-0.075882248666489,0.7171096193098266,0.1428571428571428,0.7142857142857143,disorder,rand,0.5,6,0.4,0.075882248666489,0.0343484492002922
1,"(0, 4)","(2, 3)","(1, 3)",0.0,0.0,100.0,20.0,20.0,-0.0034887354355406,0.002284749531313,0.0026173713016548,-0.0235361854762882,0.5776009077789973,0.7714285714285715,-0.5428571428571429,disorder,rand,0.5,7,0.12,0.0235361854762882,0.02323674496195373
2,"(0, 4)","(2, 3)","(1, 2)",0.0,0.0,100.0,20.0,20.0,-0.0055784954887305,0.0025716177032909,0.0049498246562796,-0.0497494189303057,0.5758804805280382,0.3142857142857143,-0.3714285714285715,disorder,rand,0.5,7,0.12,0.0497494189303057,0.02323674496195373
3,"(0, 4)","(2, 3)","(2, 4)",0.0,0.5,100.0,20.0,46.666666666666664,0.0041502128106662,-0.0050368267042949,0.0140002204460981,-0.0792022276421241,0.5791981569670098,-0.0857142857142857,0.2571428571428572,disorder,rand,0.5,7,0.12,0.0792022276421241,0.02323674496195373
1,"(4, 5)","(2, 3)","(2, 3)",0.0,0.0,86.66666666666667,20.0,20.0,-0.0045369364603076,0.002578610906874,0.002578610906874,-0.0236802009748978,0.7336887566545994,0.8285714285714287,-0.7142857142857143,disorder,rand,0.5,7,0.2,0.0236802009748978,0.024561657215888797
2,"(4, 5)","(2, 3)","(2, 4)",0.0,0.5,86.66666666666667,20.0,46.666666666666664,-0.0076603313906831,-0.0040838681402846,0.0031353631668243,-0.0494494514486641,0.731039082744169,0.2571428571428572,0.0285714285714285,disorder,rand,0.5,7,0.2,0.0494494514486641,0.024561657215888797
3,"(4, 5)","(2, 3)","(0, 4)",0.0,0.5,86.66666666666667,20.0,100.0,0.0129527923384942,-0.0227848606519873,0.0209746711163005,-0.0787678261945965,0.7230166977844923,-0.0857142857142857,0.5428571428571429,disorder,rand,0.5,7,0.2,0.0787678261945965,0.024561657215888797
1,"(4, 5)","(2, 3)","(0, 2)",0.0,0.0,93.33333333333331,20.0,46.666666666666664,-0.0058371307487836,-0.0060244172804188,-0.0023225490539555,-0.0246302413861163,0.646096449860106,0.3714285714285715,-0.4857142857142857,disorder,rand,0.5,7,0.3,0.0246302413861163,0.024813792294304277
2,"(4, 5)","(2, 3)","(0, 4)",0.0,0.5,93.33333333333331,20.0,100.0,-0.0045208792848949,-0.0356458304636203,0.0023399682598995,-0.0536560354654584,0.6253050843966231,-0.5428571428571429,0.3142857142857143,disorder,rand,0.5,7,0.3,0.0536560354654584,0.024813792294304277
3,"(4, 5)","(2, 3)","(0, 4)",0.0,0.5,100.0,20.0,93.33333333333331,0.0496594831246932,-0.0631514550304518,0.0534981251870619,-0.0876624737491842,0.600557722252623,-0.5428571428571429,0.7714285714285715,disorder,rand,0.5,7,0.3,0.0876624737491842,0.024813792294304277
1,"(4, 5)","(2, 3)","(0, 5)",0.0,0.5,93.33333333333331,66.66666666666666,66.66666666666666,-0.0067994703920415,-0.018431669526277,-0.0012015861471809,-0.0230632508874588,0.5040128729966935,0.0857142857142857,0.3142857142857143,disorder,rand,0.5,7,0.4,0.0230632508874588,0.023490887724950837
2,"(4, 5)","(2, 3)","(0, 4)",0.0,0.5,93.33333333333331,53.333333333333336,86.66666666666667,0.0044601347320727,-0.0596377672464443,0.0160776713852439,-0.0546219651521182,0.517041262003188,-0.5428571428571429,0.7142857142857143,disorder,rand,0.5,7,0.4,0.0546219651521182,0.023490887724950837
3,"(4, 5)","(2, 3)","(0, 4)",0.0,0.5,100.0,40.0,86.66666666666667,0.0811921708857654,-0.0679208565332173,0.0834680684084965,-0.0966671444583932,0.4999999999999985,-0.4285714285714286,0.8285714285714287,disorder,rand,0.5,7,0.4,0.0966671444583932,0.023490887724950837
1,"(3, 4)","(2, 3)","(1, 2)",0.5,0.0,26.666666666666668,20.0,20.0,-0.0010543510238852,0.0016000568786704,0.0025931100717981,-0.001716984268162,0.8780577324071491,0.2571428571428572,-0.7142857142857143,disorder,rand,0.5,8,0.12,0.001716984268162,0.003595489883358713
2,"(3, 4)","(2, 3)","(2, 3)",0.5,0.5,26.666666666666668,20.0,20.0,-0.0007556718874457,0.0035600929691342,0.0035600929691342,-0.0020597754768954,0.906347374165284,0.6,-0.3142857142857143,disorder,rand,0.5,8,0.12,0.0020597754768954,0.003595489883358713
3,"(3, 4)","(2, 3)","(3, 4)",0.5,1.0,26.666666666666668,20.0,26.666666666666668,0.0114535729017622,0.0055560855573251,0.0114535729017622,-0.0049571930238717,0.8936515217260824,0.3714285714285715,0.6,disorder,rand,0.5,8,0.12,0.0049571930238717,0.003595489883358713
1,"(3, 4)","(2, 3)","(1, 2)",0.5,0.0,40.0,20.0,6.666666666666667,-0.0037499681746744,-0.0003858270003698,0.0003976964257246,-0.003467822625685,0.9347806635323126,0.942857142857143,-0.8285714285714287,disorder,rand,0.5,8,0.2,0.003467822625685,0.005518873670875717
2,"(3, 4)","(2, 3)","(0, 3)",0.5,0.5,40.0,20.0,80.0,-0.0076908325360353,-0.0057893907441497,-0.0021613524198377,-0.0083182189849876,0.9229283045146446,-0.2571428571428572,0.3142857142857143,disorder,rand,0.5,8,0.2,0.0083182189849876,0.005518873670875717
3,"(3, 4)","(2, 3)","(3, 4)",0.5,1.0,40.0,20.0,40.0,0.0206707419799001,-0.0054789984660208,0.0206707419799001,-0.0186288616023396,0.8855385797591431,-0.4857142857142857,0.8857142857142858,disorder,rand,0.5,8,0.2,0.0186288616023396,0.005518873670875717
1,"(3, 4)","(2, 3)","(0, 5)",0.5,0.0,93.33333333333331,20.0,66.66666666666666,-0.010144731360272,-0.007244698253776,0.0005583298141481,-0.0127235476052314,0.6323065085918322,0.3714285714285715,-0.1428571428571428,disorder,rand,0.5,8,0.3,0.0127235476052314,0.012866711345657181
2,"(3, 4)","(2, 3)","(0, 5)",0.5,0.0,93.33333333333331,33.33333333333333,66.66666666666666,-0.0152542617354578,-0.0259651924027026,0.0085869514593583,-0.0303250507465518,0.596681398726326,-0.3714285714285715,0.3714285714285715,disorder,rand,0.5,8,0.3,0.0303250507465518,0.012866711345657181
3,"(3, 4)","(2, 3)","(3, 4)",0.5,1.0,93.33333333333331,40.0,93.33333333333331,0.0444202885562128,-0.0207310344291106,0.0444202885562128,-0.053582320140877,0.5834200797171887,-0.4857142857142857,0.8857142857142858,disorder,rand,0.5,8,0.3,0.053582320140877,0.012866711345657181
1,"(4, 5)","(2, 3)","(0, 5)",0.0,0.5,93.33333333333331,66.66666666666666,46.666666666666664,-0.0108416257688659,-0.0164627712240195,0.0025408726103698,-0.0199743546099195,0.6560749107344808,0.3142857142857143,-0.6,disorder,rand,0.5,8,0.4,0.0199743546099195,0.020833046661883504
2,"(4, 5)","(2, 3)","(0, 5)",0.0,0.5,93.33333333333331,80.0,60.0,-0.0052839816906535,-0.0381542547801821,0.0124590055518269,-0.0470590620251475,0.6560630199372853,-0.0857142857142857,-0.0857142857142857,disorder,rand,0.5,8,0.4,0.0470590620251475,0.020833046661883504
3,"(4, 5)","(2, 3)","(3, 4)",0.0,0.5,93.33333333333331,66.66666666666666,100.0,0.0658005624152024,-0.0118986848040686,0.0674773627698532,-0.0818116202814223,0.6324067480594884,-0.2571428571428572,0.7142857142857143,disorder,rand,0.5,8,0.4,0.0818116202814223,0.020833046661883504
1,"(2, 3)","(2, 3)","(0, 2)",1.0,0.5,100.0,100.0,66.66666666666666,-0.0024799720973456,-0.0024799720973456,0.0028404295111661,-0.0172752304900384,0.5081366688626096,0.3714285714285715,-0.6,disorder,rand,0.5,9,0.12,0.0172752304900384,0.01717153872492496
2,"(2, 3)","(2, 3)","(0, 2)",1.0,0.5,100.0,100.0,66.66666666666666,-0.0027199438870684,-0.0027199438870684,0.0193680438247656,-0.038107149835813,0.5000000000000057,-0.1428571428571428,-0.4285714285714286,disorder,rand,0.5,9,0.12,0.038107149835813,0.01717153872492496
3,"(2, 3)","(2, 3)","(0, 2)",1.0,0.5,100.0,100.0,66.66666666666666,0.0082543313642036,0.0082543313642036,0.0459769499127982,-0.0638050823407567,0.5000000000000017,-0.3142857142857143,-0.3142857142857143,disorder,rand,0.5,9,0.12,0.0638050823407567,0.01717153872492496
1,"(2, 3)","(2, 3)","(0, 5)",1.0,0.0,100.0,100.0,40.0,-0.0050015555742433,-0.0050015555742433,0.0074069332167014,-0.0280256679210686,0.500000000000005,0.4857142857142857,-0.6571428571428573,disorder,rand,0.5,9,0.2,0.0280256679210686,0.027640641699316598
2,"(2, 3)","(2, 3)","(0, 2)",1.0,0.5,100.0,100.0,73.33333333333333,-0.0064784310092624,-0.0064784310092624,0.0400289412867216,-0.0628639036260102,0.5000000000000029,0.2571428571428572,-0.2571428571428572,disorder,rand,0.5,9,0.2,0.0628639036260102,0.027640641699316598
3,"(2, 3)","(2, 3)","(0, 2)",1.0,0.5,100.0,100.0,73.33333333333333,0.0190415801098831,0.0190415801098831,0.1013012268319857,-0.105616499045283,0.4999999999999991,0.0285714285714285,-0.2571428571428572,disorder,rand,0.5,9,0.2,0.105616499045283,0.027640641699316598
1,"(2, 3)","(2, 3)","(0, 5)",1.0,0.0,100.0,100.0,33.33333333333333,-0.0082267202728553,-0.0082267202728553,0.012044187304957,-0.0356328761830951,0.5000000000000012,0.6,-0.3714285714285715,disorder,rand,0.5,9,0.3,0.0356328761830951,0.034895249606550785
2,"(2, 3)","(2, 3)","(0, 2)",1.0,0.5,100.0,100.0,73.33333333333333,-0.0061722436468591,-0.0061722436468591,0.0604321647857897,-0.0825432804644943,0.5000000000000016,0.3714285714285715,-0.0857142857142857,disorder,rand,0.5,9,0.3,0.0825432804644943,0.034895249606550785
3,"(2, 3)","(2, 3)","(0, 2)",1.0,0.5,100.0,100.0,86.66666666666667,0.0514595853504756,0.0514595853504756,0.1621515702618581,-0.1413575286343479,0.4999999999999993,0.5428571428571429,0.0857142857142857,disorder,rand,0.5,9,0.3,0.1413575286343479,0.034895249606550785
1,"(0, 2)","(2, 3)","(0, 5)",0.5,0.5,80.0,100.0,33.33333333333333,0.0083643749383199,-0.011800811955851,0.0121950211080781,-0.0227640431557449,0.724830876624302,0.3142857142857143,0.1428571428571428,disorder,rand,0.5,9,0.4,0.0227640431557449,0.019141279097896934
2,"(0, 2)","(2, 3)","(0, 2)",0.5,1.0,86.66666666666667,100.0,86.66666666666667,0.0741158196772384,0.0037734423508134,0.0741158196772384,-0.0636600054457933,0.6674829226214266,0.3142857142857143,0.4285714285714286,disorder,rand,0.5,9,0.4,0.0636600054457933,0.019141279097896934
3,"(0, 2)","(2, 3)","(0, 2)",0.5,1.0,93.33333333333331,100.0,93.33333333333331,0.214769839507003,0.098200600738319,0.214769839507003,-0.1325855484384459,0.6034707212728219,0.8285714285714287,0.6,disorder,rand,0.5,9,0.4,0.1325855484384459,0.019141279097896934
1,"(2, 3)","(2, 3)","(1, 3)",1.0,0.5,46.666666666666664,46.666666666666664,26.666666666666668,0.0002978410260329,0.0002978410260329,0.0031313820936235,0.0088446457318654,0.3746325243398444,0.8857142857142858,0.3142857142857143,disorder,rand,1.0,0,0.12,-0.0088446457318654,-0.007691971107027095
2,"(2, 3)","(2, 3)","(1, 3)",1.0,0.5,60.0,60.0,26.666666666666668,0.0010289918979949,0.0010289918979949,0.0107897079281354,0.0197122067602947,0.3738679076117451,-0.4857142857142857,0.5428571428571429,disorder,rand,1.0,0,0.12,-0.0197122067602947,-0.007691971107027095
3,"(2, 3)","(2, 3)","(1, 3)",1.0,0.5,46.666666666666664,46.666666666666664,26.666666666666668,0.0126005332243339,0.0126005332243339,0.0221084739848309,0.0315232370321729,0.3801234262313603,-0.1428571428571428,0.7142857142857143,disorder,rand,1.0,0,0.12,-0.0315232370321729,-0.007691971107027095
1,"(2, 3)","(2, 3)","(1, 4)",1.0,0.0,60.0,60.0,93.33333333333331,-0.0045353301389661,-0.0045353301389661,0.0052892002176407,0.004331415711467,0.4846097202225392,0.2571428571428572,0.4285714285714286,disorder,rand,1.0,0,0.2,-0.004331415711467,-0.0025518247204857313
2,"(2, 3)","(2, 3)","(1, 4)",1.0,0.0,46.666666666666664,46.666666666666664,100.0,-0.0115432196413101,-0.0115432196413101,0.0321666314841873,0.0094544579715678,0.4802148438207276,-0.1428571428571428,0.3714285714285715,disorder,rand,1.0,0,0.2,-0.0094544579715678,-0.0025518247204857313
3,"(2, 3)","(2, 3)","(1, 4)",1.0,0.0,40.0,40.0,100.0,0.0194299802524056,0.0194299802524056,0.0675747162811435,0.0126754302438816,0.4856598370601585,-0.4857142857142857,0.3714285714285715,disorder,rand,1.0,0,0.2,-0.0126754302438816,-0.0025518247204857313
1,"(2, 3)","(2, 3)","(1, 4)",1.0,0.0,93.33333333333331,93.33333333333331,73.33333333333333,-0.0137135834697132,-0.0137135834697132,0.0116838444839884,-0.0099382033111831,0.5726477730412639,0.942857142857143,-0.2,disorder,rand,1.0,0,0.3,0.0099382033111831,0.010868754135153372
2,"(2, 3)","(2, 3)","(1, 4)",1.0,0.0,86.66666666666667,86.66666666666667,93.33333333333331,-0.0229928977023463,-0.0229928977023463,0.0666627823337218,-0.023596202762531,0.5294782748913961,0.2571428571428572,0.4857142857142857,disorder,rand,1.0,0,0.3,0.023596202762531,0.010868754135153372
3,"(2, 3)","(2, 3)","(1, 4)",1.0,0.0,73.33333333333333,73.33333333333333,93.33333333333331,0.0435478401175071,0.0435478401175071,0.1491358815740306,-0.040981767348222,0.5554252506393794,0.1428571428571428,0.4857142857142857,disorder,rand,1.0,0,0.3,0.040981767348222,0.010868754135153372
1,"(2, 3)","(2, 3)","(1, 4)",1.0,0.0,93.33333333333331,93.33333333333331,60.0,-0.0218798473562886,-0.0218798473562886,0.016698801651529,-0.0223327786624155,0.5559100683710084,0.942857142857143,0.0285714285714285,disorder,rand,1.0,0,0.4,0.0223327786624155,0.02151978575071692
2,"(2, 3)","(2, 3)","(1, 4)",1.0,0.0,93.33333333333331,93.33333333333331,60.0,-0.0151679330148901,-0.0151679330148901,0.097722441521808,-0.0555873792614778,0.5394268806912232,0.2571428571428572,0.4285714285714286,disorder,rand,1.0,0,0.4,0.0555873792614778,0.02151978575071692
3,"(2, 3)","(2, 3)","(1, 4)",1.0,0.0,93.33333333333331,93.33333333333331,53.333333333333336,0.0730433331235513,0.0730433331235513,0.2038001538592559,-0.0870115592860338,0.5723012543321317,0.3714285714285715,0.4857142857142857,disorder,rand,1.0,0,0.4,0.0870115592860338,0.02151978575071692
1,"(3, 4)","(2, 3)","(2, 4)",0.5,0.5,73.33333333333333,66.66666666666666,20.0,-0.0013101777502305,-0.0015661438704765,0.0031663154482543,-0.0017039760810182,0.5815770708361298,0.4285714285714286,-0.0857142857142857,disorder,rand,1.0,1,0.12,0.0017039760810182,0.002337653090916079
2,"(3, 4)","(2, 3)","(2, 4)",0.5,0.5,80.0,66.66666666666666,20.0,-0.0039840137702501,-0.0049290376510574,0.0036190655265333,-0.0033065598818814,0.5796026032170554,0.6,-0.0857142857142857,disorder,rand,1.0,1,0.12,0.0033065598818814,0.002337653090916079
3,"(3, 4)","(2, 3)","(0, 4)",0.5,0.5,73.33333333333333,80.0,60.0,0.0011917396737648,-0.0068657622106216,0.0123284926086275,-0.0065030147640941,0.5745902782324074,-0.7714285714285715,0.5428571428571429,disorder,rand,1.0,1,0.12,0.0065030147640941,0.002337653090916079
1,"(3, 4)","(2, 3)","(1, 2)",0.5,0.0,60.0,53.333333333333336,20.0,-0.004096648907545,-0.0013149705912152,0.0002137353031531,-0.0029261846229461,0.6758784852538925,0.8857142857142858,-0.942857142857143,disorder,rand,1.0,1,0.2,0.0029261846229461,0.004127653176134581
2,"(3, 4)","(2, 3)","(0, 3)",0.5,0.5,60.0,53.333333333333336,100.0,-0.0105869225305288,-0.0034650580197537,0.007079720596842,-0.0062914544583235,0.6723735069660066,0.0857142857142857,-0.0857142857142857,disorder,rand,1.0,1,0.2,0.0062914544583235,0.004127653176134581
3,"(3, 4)","(2, 3)","(0, 3)",0.5,0.5,60.0,53.333333333333336,93.33333333333331,0.0096758154691395,0.0041890629729757,0.0511897700869967,-0.0131467884021082,0.6670246644783896,-0.4285714285714286,0.5428571428571429,disorder,rand,1.0,1,0.2,0.0131467884021082,0.004127653176134581
1,"(3, 4)","(2, 3)","(0, 5)",0.5,0.0,80.0,40.0,100.0,-0.0098366637732927,-0.0050691888573434,0.0024504716256512,-0.0076109426583625,0.7899566415591072,0.1428571428571428,-0.1428571428571428,disorder,rand,1.0,1,0.3,0.0076109426583625,0.008956405057209639
2,"(3, 4)","(2, 3)","(0, 3)",0.5,0.5,86.66666666666667,53.333333333333336,66.66666666666666,-0.0189318168409202,-0.0133283011789953,0.0224663364997895,-0.0180282834329449,0.7212314449136576,-0.0857142857142857,-0.0285714285714285,disorder,rand,1.0,1,0.3,0.0180282834329449,0.008956405057209639
3,"(3, 4)","(2, 3)","(0, 3)",0.5,0.5,93.33333333333331,73.33333333333333,60.0,0.0240913494769834,0.0084399760438758,0.0816968965517478,-0.0343859636028869,0.6456433535272907,-0.4857142857142857,0.6,disorder,rand,1.0,1,0.3,0.0343859636028869,0.008956405057209639
1,"(3, 4)","(2, 3)","(0, 5)",0.5,0.0,100.0,86.66666666666667,40.0,-0.0173239792949386,-0.0131050592711101,0.0054474657567121,-0.0181744398446536,0.5515793074970343,0.4857142857142857,-0.2,disorder,rand,1.0,1,0.4,0.0181744398446536,0.01929789567889898
2,"(3, 4)","(2, 3)","(0, 5)",0.5,0.0,100.0,93.33333333333331,60.0,-0.0203064477394909,-0.021372564895889,0.0283431201790618,-0.0430758772158497,0.5544816665750812,-0.1428571428571428,0.2571428571428572,disorder,rand,1.0,1,0.4,0.0430758772158497,0.01929789567889898
3,"(3, 4)","(2, 3)","(3, 5)",0.5,0.5,100.0,93.33333333333331,86.66666666666667,0.044806065743036,0.0220102021808821,0.1050728775114506,-0.0705782971291875,0.5631536462897057,-0.4285714285714286,0.7142857142857143,disorder,rand,1.0,1,0.4,0.0705782971291875,0.01929789567889898
1,"(4, 5)","(2, 3)","(1, 4)",0.0,0.5,46.666666666666664,93.33333333333331,40.0,-0.0002396414937588,-0.0021315502395372,0.0040698556403696,-0.00728037892915,0.7529676939062157,0.942857142857143,-0.0857142857142857,disorder,rand,1.0,2,0.12,0.00728037892915,0.006764517340072482
2,"(4, 5)","(2, 3)","(2, 4)",0.0,0.5,46.666666666666664,93.33333333333331,73.33333333333333,0.0022991937264027,-0.0072792421037853,0.016300116773289,-0.0177423380111695,0.8066566320458047,0.6571428571428573,0.3142857142857143,disorder,rand,1.0,2,0.12,0.0177423380111695,0.006764517340072482
3,"(4, 5)","(2, 3)","(2, 4)",0.0,0.5,46.666666666666664,93.33333333333331,73.33333333333333,0.0077263324787268,-0.007239519854735,0.0374077278417661,-0.0316086738093558,0.7875981444020728,0.0857142857142857,0.6,disorder,rand,1.0,2,0.12,0.0316086738093558,0.006764517340072482
1,"(4, 5)","(2, 3)","(0, 4)",0.0,0.5,66.66666666666666,86.66666666666667,53.333333333333336,-0.0012301096117905,-0.0061101666940632,0.0035647779958689,-0.0141926884849016,0.7797968298066743,0.6,0.1428571428571428,disorder,rand,1.0,2,0.2,0.0141926884849016,0.013144525136596858
2,"(4, 5)","(2, 3)","(2, 4)",0.0,0.5,66.66666666666666,86.66666666666667,100.0,-0.0003801247949142,-0.0196045397108463,0.0287479803298329,-0.0337122723308802,0.7275260633529729,0.2,0.2,disorder,rand,1.0,2,0.2,0.0337122723308802,0.013144525136596858
3,"(4, 5)","(2, 3)","(2, 4)",0.0,0.5,66.66666666666666,86.66666666666667,100.0,0.0074707350930913,-0.0167163001547954,0.0712247007767552,-0.0584329996409206,0.6793238014533928,0.0285714285714285,0.6,disorder,rand,1.0,2,0.2,0.0584329996409206,0.013144525136596858
1,"(2, 4)","(2, 3)","(2, 4)",0.5,1.0,100.0,80.0,100.0,0.0061261754492714,-0.016023808244247,0.0061261754492714,-0.0266810069036651,0.6097863906275117,0.4285714285714286,0.4857142857142857,disorder,rand,1.0,2,0.3,0.0266810069036651,0.031196575487641008
2,"(2, 4)","(2, 3)","(2, 4)",0.5,1.0,100.0,80.0,100.0,0.0458633893805082,-0.0410910225564142,0.0458633893805082,-0.0619959968123078,0.5797453931936739,0.2571428571428572,0.5428571428571429,disorder,rand,1.0,2,0.3,0.0619959968123078,0.031196575487641008
3,"(2, 4)","(2, 3)","(2, 4)",0.5,1.0,100.0,80.0,100.0,0.1298438872641494,-0.0215713227508879,0.1298438872641494,-0.1227186069487136,0.5025630275644455,0.1428571428571428,0.5428571428571429,disorder,rand,1.0,2,0.3,0.1227186069487136,0.031196575487641008
1,"(2, 4)","(2, 3)","(2, 4)",0.5,1.0,100.0,66.66666666666666,100.0,0.0066329352867156,-0.0246035093991792,0.0066329352867156,-0.0341248873488185,0.648513670153651,0.4285714285714286,0.4857142857142857,disorder,rand,1.0,2,0.4,0.0341248873488185,0.03497756154096013
2,"(2, 4)","(2, 3)","(2, 4)",0.5,1.0,93.33333333333331,66.66666666666666,93.33333333333331,0.0678548752411878,-0.0437130293460236,0.0678548752411878,-0.0850144872050876,0.5914350127651036,0.4285714285714286,0.4857142857142857,disorder,rand,1.0,2,0.4,0.0850144872050876,0.03497756154096013
3,"(2, 4)","(2, 3)","(2, 4)",0.5,1.0,100.0,60.0,100.0,0.2075783499935057,0.0026518532319153,0.2075783499935057,-0.1672032971994921,0.506906420451989,0.6,0.4857142857142857,disorder,rand,1.0,2,0.4,0.1672032971994921,0.03497756154096013
1,"(3, 4)","(2, 3)","(0, 5)",0.5,0.0,100.0,60.0,33.33333333333333,-0.0031039401024901,-0.0007854790135598,0.0038197849654275,-0.0214552198280055,0.5514139342953596,0.3714285714285715,-0.4285714285714286,disorder,rand,1.0,3,0.12,0.0214552198280055,0.021827317801687382
2,"(3, 4)","(2, 3)","(0, 5)",0.5,0.0,100.0,60.0,33.33333333333333,-0.0022393318578706,-0.0035151438094022,0.0168992271494003,-0.045545637883103,0.5402442691581543,-0.7142857142857143,-0.0857142857142857,disorder,rand,1.0,3,0.12,0.045545637883103,0.021827317801687382
3,"(3, 4)","(2, 3)","(0, 3)",0.5,0.5,100.0,80.0,93.33333333333331,0.0168790779493599,-0.0064558161360039,0.050504502521248,-0.0740611024163504,0.5345389022465025,-0.7714285714285715,-0.0285714285714285,disorder,rand,1.0,3,0.12,0.0740611024163504,0.021827317801687382
1,"(3, 4)","(2, 3)","(0, 5)",0.5,0.0,100.0,60.0,33.33333333333333,-0.0051090428398981,-0.0031814782507164,0.0062664700577036,-0.0338288617919531,0.552167577386776,-0.2571428571428572,-0.0857142857142857,disorder,rand,1.0,3,0.2,0.0338288617919531,0.03658258386162662
2,"(3, 4)","(2, 3)","(0, 3)",0.5,0.5,100.0,80.0,93.33333333333331,0.0005431996596849,-0.0149241167551275,0.0334436747306265,-0.0705983089537226,0.5342227860962607,-0.8285714285714287,0.2571428571428572,disorder,rand,1.0,3,0.2,0.0705983089537226,0.03658258386162662
3,"(3, 4)","(2, 3)","(0, 3)",0.5,0.5,100.0,86.66666666666667,93.33333333333331,0.0485165231616135,-0.0206002076053327,0.1069340823142395,-0.1146421417377181,0.5207777964354231,-0.8285714285714287,0.3714285714285715,disorder,rand,1.0,3,0.2,0.1146421417377181,0.03658258386162662
1,"(3, 4)","(2, 3)","(0, 5)",0.5,0.0,100.0,86.66666666666667,33.33333333333333,-0.0048091130048866,-0.0080762845055815,0.0076147297242279,-0.0329146495428247,0.5070136158754917,-0.7714285714285715,0.4285714285714286,disorder,rand,1.0,3,0.3,0.0329146495428247,0.035440794175241
2,"(3, 4)","(2, 3)","(0, 3)",0.5,0.5,100.0,86.66666666666667,93.33333333333331,0.0131056290384867,-0.0233357735889017,0.066637244733495,-0.0774081240810251,0.500000000000002,-0.8857142857142858,0.6,disorder,rand,1.0,3,0.3,0.0774081240810251,0.035440794175241
3,"(3, 4)","(2, 3)","(0, 3)",0.5,0.5,100.0,80.0,93.33333333333331,0.1022346153504871,-0.0086424647065413,0.191364593159613,-0.1351891714626469,0.5000000000000003,-0.7142857142857143,0.6,disorder,rand,1.0,3,0.3,0.1351891714626469,0.035440794175241
1,"(3, 4)","(2, 3)","(0, 3)",0.5,0.5,100.0,93.33333333333331,80.0,-0.0055173585244183,-0.0137546937995228,0.0100627258067431,-0.0331608810700072,0.4999999999999995,-0.8857142857142858,0.6,disorder,rand,1.0,3,0.4,0.0331608810700072,0.029773780368571277
2,"(3, 4)","(2, 3)","(0, 3)",0.5,0.5,100.0,86.66666666666667,93.33333333333331,0.0270512975083514,-0.0274561421882268,0.0856316051719696,-0.0902725775827387,0.5000000000000024,-0.8857142857142858,0.6,disorder,rand,1.0,3,0.4,0.0902725775827387,0.029773780368571277
3,"(3, 4)","(2, 3)","(0, 3)",0.5,0.5,100.0,66.66666666666666,86.66666666666667,0.1409483751422469,0.0084168698763187,0.2200847033274888,-0.1622222294767897,0.4999999999999994,-0.2571428571428572,0.6,disorder,rand,1.0,3,0.4,0.1622222294767897,0.029773780368571277
1,"(4, 5)","(2, 3)","(2, 4)",0.0,0.5,73.33333333333333,53.333333333333336,33.33333333333333,2.3148210072931885e-05,-0.0004209506440995,0.0037103620851061,-0.0010076994154728,0.3181180234255872,0.4857142857142857,0.0857142857142857,disorder,rand,1.0,4,0.12,0.0010076994154728,0.001006343766919559
2,"(4, 5)","(2, 3)","(1, 4)",0.0,0.5,73.33333333333333,53.333333333333336,46.666666666666664,0.0010249519200361,-0.0030194437172743,0.016689234012443,-0.0025015705288091,0.3258471269387773,-1.0,0.6,disorder,rand,1.0,4,0.12,0.0025015705288091,0.001006343766919559
3,"(4, 5)","(2, 3)","(1, 2)",0.0,0.0,73.33333333333333,53.333333333333336,66.66666666666666,0.0038595409766736,-0.0062063468377197,0.0401848272205485,-0.0047917543528048,0.3272617993516382,-0.7714285714285715,0.4857142857142857,disorder,rand,1.0,4,0.12,0.0047917543528048,0.001006343766919559
1,"(1, 5)","(2, 3)","(2, 4)",0.0,0.0,93.33333333333331,60.0,53.333333333333336,-0.0008651038506579,-0.0027499020326986,0.0056137281410839,-0.0266770565517626,0.6233405425465436,-0.4857142857142857,0.0857142857142857,disorder,rand,1.0,4,0.2,0.0266770565517626,0.026247123351703674
2,"(1, 5)","(2, 3)","(1, 2)",0.0,0.5,93.33333333333331,60.0,86.66666666666667,0.0117518127490423,-0.0110199669449813,0.0369565551234307,-0.0624089466180134,0.6038231129815356,-0.6,0.5428571428571429,disorder,rand,1.0,4,0.2,0.0624089466180134,0.026247123351703674
3,"(1, 5)","(2, 3)","(1, 2)",0.0,0.5,100.0,53.333333333333336,86.66666666666667,0.0440050588378948,-0.0126757666846996,0.0924848217299323,-0.1073401171202108,0.5905144024678923,-0.2571428571428572,0.5428571428571429,disorder,rand,1.0,4,0.2,0.1073401171202108,0.026247123351703674
1,"(1, 2)","(2, 3)","(1, 2)",0.5,1.0,100.0,80.0,100.0,0.008086571707,-0.0083458801000002,0.008086571707,-0.0265581650029074,0.672224335554918,-0.2,0.8285714285714287,disorder,rand,1.0,4,0.3,0.0265581650029074,0.02012068356441575
2,"(1, 2)","(2, 3)","(1, 2)",0.5,1.0,100.0,73.33333333333333,100.0,0.0627939211011141,-0.0258693165771339,0.0627939211011141,-0.0818497234892766,0.6201389138012239,0.0285714285714285,0.8285714285714287,disorder,rand,1.0,4,0.3,0.0818497234892766,0.02012068356441575
3,"(1, 2)","(2, 3)","(1, 2)",0.5,1.0,100.0,73.33333333333333,100.0,0.1588226469579556,-0.0172699780294202,0.1588226469579556,-0.1555309977858376,0.5872852557146344,0.4285714285714286,0.8857142857142858,disorder,rand,1.0,4,0.3,0.1555309977858376,0.02012068356441575
1,"(1, 2)","(2, 3)","(1, 2)",0.5,1.0,100.0,80.0,100.0,0.0093260714823573,-0.0167196421669205,0.0093260714823573,-0.0385060980419837,0.5334187451989809,-0.1428571428571428,0.942857142857143,disorder,rand,1.0,4,0.4,0.0385060980419837,0.026131531196036777
2,"(1, 2)","(2, 3)","(1, 2)",0.5,1.0,100.0,86.66666666666667,100.0,0.087576766769627,-0.0393773447655781,0.087576766769627,-0.117909462073903,0.5166487640107871,0.0857142857142857,0.942857142857143,disorder,rand,1.0,4,0.4,0.117909462073903,0.026131531196036777
3,"(1, 2)","(2, 3)","(1, 2)",0.5,1.0,100.0,80.0,100.0,0.2259958682699581,0.0020114263661868,0.2259958682699581,-0.2126909277442918,0.4999999999999983,0.4857142857142857,0.942857142857143,disorder,rand,1.0,4,0.4,0.2126909277442918,0.026131531196036777
1,"(3, 4)","(2, 3)","(0, 4)",0.5,0.5,73.33333333333333,80.0,60.0,7.329460618876737e-05,-0.0037365560554952,0.0057051134811714,-0.0132198119862818,0.3976537191530832,0.6571428571428573,-0.1428571428571428,disorder,rand,1.0,5,0.12,0.0132198119862818,0.013328057390792084
2,"(3, 4)","(2, 3)","(0, 4)",0.5,0.5,73.33333333333333,93.33333333333331,53.333333333333336,0.0095528523223487,-0.009182754867246,0.0236584389957439,-0.02916821107773,0.470250709048988,-0.2,0.4285714285714286,disorder,rand,1.0,5,0.12,0.02916821107773,0.013328057390792084
3,"(3, 4)","(2, 3)","(0, 3)",0.5,0.5,86.66666666666667,93.33333333333331,100.0,0.0324562372102255,0.0018573246448232,0.0528512317509943,-0.0484036416174473,0.4700256120695883,0.5428571428571429,0.3142857142857143,disorder,rand,1.0,5,0.12,0.0484036416174473,0.013328057390792084
1,"(3, 4)","(2, 3)","(0, 4)",0.5,0.5,100.0,86.66666666666667,60.0,0.0013203187729349,-0.006878034926038,0.0107338705487991,-0.0228852254142121,0.5000000000000084,0.0857142857142857,-0.1428571428571428,disorder,rand,1.0,5,0.2,0.0228852254142121,0.023684562396684455
2,"(3, 4)","(2, 3)","(0, 4)",0.5,0.5,100.0,86.66666666666667,80.0,0.0245850314284201,-0.0199254888884425,0.0527324333666201,-0.0537625378471041,0.500000000000001,-0.3142857142857143,0.0857142857142857,disorder,rand,1.0,5,0.2,0.0537625378471041,0.023684562396684455
3,"(3, 4)","(2, 3)","(0, 3)",0.5,0.5,100.0,86.66666666666667,93.33333333333331,0.0775754013583052,-0.0067344020590678,0.1256677619613977,-0.0947842447476785,0.4999999999999995,0.3714285714285715,0.0857142857142857,disorder,rand,1.0,5,0.2,0.0947842447476785,0.023684562396684455
1,"(3, 4)","(2, 3)","(0, 4)",0.5,0.5,100.0,66.66666666666666,86.66666666666667,0.003761867106623,-0.0121971581713734,0.0197022970589533,-0.0277613160891528,0.500000000000004,-0.4285714285714286,0.3714285714285715,disorder,rand,1.0,5,0.3,0.0277613160891528,0.02435995272336867
2,"(3, 4)","(2, 3)","(0, 4)",0.5,0.5,100.0,60.0,86.66666666666667,0.0430098006567014,-0.0400834228052554,0.1025518599155328,-0.0784435037373501,0.5000000000000036,-0.3714285714285715,0.3714285714285715,disorder,rand,1.0,5,0.3,0.0784435037373501,0.02435995272336867
3,"(3, 4)","(2, 3)","(0, 4)",0.5,0.5,100.0,53.333333333333336,93.33333333333331,0.1252809112283504,-0.0436549820844145,0.2107181994545548,-0.1469409416563282,0.499999999999999,-0.0857142857142857,0.3714285714285715,disorder,rand,1.0,5,0.3,0.1469409416563282,0.02435995272336867
1,"(3, 4)","(2, 3)","(0, 4)",0.5,0.5,100.0,66.66666666666666,86.66666666666667,0.0041075550002966,-0.0207467779060674,0.0288886474078009,-0.0358379560135435,0.4999999999999986,-0.0285714285714285,0.6,disorder,rand,1.0,5,0.4,0.0358379560135435,0.025926471197061936
2,"(3, 4)","(2, 3)","(0, 4)",0.5,0.5,100.0,53.333333333333336,93.33333333333331,0.0570800604201182,-0.0619028615155925,0.1474546659469078,-0.1069414387039288,0.5000000000000029,0.2,0.6571428571428573,disorder,rand,1.0,5,0.4,0.1069414387039288,0.025926471197061936
3,"(3, 4)","(2, 3)","(0, 4)",0.5,0.5,100.0,53.333333333333336,93.33333333333331,0.1581440833269265,-0.0612053150065738,0.2974961879426441,-0.1937893212994148,0.4999999999999988,0.7714285714285715,0.6,disorder,rand,1.0,5,0.4,0.1937893212994148,0.025926471197061936
1,"(3, 4)","(2, 3)","(3, 5)",0.5,0.5,80.0,40.0,40.0,-0.0020548932766259,6.604330822154725e-07,0.0039214886486232,-0.0117373634518515,0.3677817418310168,0.4285714285714286,0.1428571428571428,disorder,rand,1.0,6,0.12,0.0117373634518515,0.0113929136398445
2,"(3, 4)","(2, 3)","(1, 3)",0.5,0.5,80.0,40.0,46.666666666666664,-0.0057024805786826,-0.0047396760920712,0.0147618980939562,-0.025251330554878,0.3575733515896856,0.2571428571428572,-0.0285714285714285,disorder,rand,1.0,6,0.12,0.025251330554878,0.0113929136398445
3,"(3, 4)","(2, 3)","(1, 3)",0.5,0.5,80.0,40.0,46.666666666666664,-0.0088958597377436,-0.0102848587972328,0.0283633890707818,-0.0405366183300827,0.3539844712238682,-0.2,0.2571428571428572,disorder,rand,1.0,6,0.12,0.0405366183300827,0.0113929136398445
1,"(1, 4)","(2, 3)","(1, 5)",0.0,0.5,100.0,20.0,53.333333333333336,-0.0014109298330045,-0.00505586821576,0.0046253843383955,-0.0266472446849935,0.5291192475812005,0.0857142857142857,0.2571428571428572,disorder,rand,1.0,6,0.2,0.0266472446849935,0.028433910762387847
2,"(1, 4)","(2, 3)","(1, 3)",0.0,0.5,100.0,20.0,46.666666666666664,0.0097159153820958,-0.028940745865256,0.0217607785826257,-0.0527467734140165,0.5329378910228688,-0.0857142857142857,0.3714285714285715,disorder,rand,1.0,6,0.2,0.0527467734140165,0.028433910762387847
3,"(1, 4)","(2, 3)","(1, 4)",0.0,1.0,100.0,20.0,100.0,0.0409086371891986,-0.0522505612122163,0.0409086371891986,-0.0781160411491045,0.5358782339344349,-0.4857142857142857,0.942857142857143,disorder,rand,1.0,6,0.2,0.0781160411491045,0.028433910762387847
1,"(3, 4)","(2, 3)","(1, 3)",0.5,0.5,100.0,66.66666666666666,60.0,-0.0015806249935357,-0.0136267861874009,0.0048890670919521,-0.0204982099176237,0.5430807134334755,-0.0857142857142857,0.3142857142857143,disorder,rand,1.0,6,0.3,0.0204982099176237,0.019578268511945496
2,"(3, 4)","(2, 3)","(1, 3)",0.5,0.5,100.0,80.0,73.33333333333333,0.0130179675835029,-0.0480819287257749,0.0362426316037867,-0.0518352016970187,0.5239891470672878,-0.4857142857142857,0.7714285714285715,disorder,rand,1.0,6,0.3,0.0518352016970187,0.019578268511945496
3,"(3, 4)","(2, 3)","(1, 3)",0.5,0.5,100.0,60.0,80.0,0.0662151479163208,-0.0508019560739311,0.0833344969872851,-0.0892897092133824,0.5190060575624966,-0.3142857142857143,0.7714285714285715,disorder,rand,1.0,6,0.3,0.0892897092133824,0.019578268511945496
1,"(3, 4)","(2, 3)","(1, 3)",0.5,0.5,100.0,66.66666666666666,53.333333333333336,-0.0018102589178381,-0.0210646062604422,0.0081006027014518,-0.026090288909216,0.5022218704472494,-0.3142857142857143,0.3714285714285715,disorder,rand,1.0,6,0.4,0.026090288909216,0.021894985751116598
2,"(3, 4)","(2, 3)","(1, 3)",0.5,0.5,100.0,80.0,66.66666666666666,0.0286919216531122,-0.0552459614010181,0.0579775364278378,-0.0704729458649197,0.5010283073959537,-0.3142857142857143,0.7714285714285715,disorder,rand,1.0,6,0.4,0.0704729458649197,0.021894985751116598
3,"(3, 4)","(2, 3)","(1, 3)",0.5,0.5,100.0,53.333333333333336,73.33333333333333,0.1101683638536787,-0.0373166210559486,0.1245063445625871,-0.120125749020618,0.499999999999999,0.1428571428571428,0.7714285714285715,disorder,rand,1.0,6,0.4,0.120125749020618,0.021894985751116598
1,"(4, 5)","(2, 3)","(1, 3)",0.0,0.0,73.33333333333333,33.33333333333333,66.66666666666666,-0.002972791728002,-0.0006683445707433,0.0059904027491941,-0.0010119319542175,0.4659740620524146,-0.0857142857142857,-0.0857142857142857,disorder,rand,1.0,7,0.12,0.0010119319542175,0.0007581066684621083
2,"(4, 5)","(2, 3)","(1, 3)",0.0,0.0,46.666666666666664,33.33333333333333,93.33333333333331,-0.0168632677362465,-0.0032673276581651,0.0383660829924115,-0.0004576531394164,0.4718434691291627,-0.4285714285714286,0.2,disorder,rand,1.0,7,0.12,0.0004576531394164,0.0007581066684621083
3,"(4, 5)","(2, 3)","(1, 3)",0.0,0.0,46.666666666666664,33.33333333333333,93.33333333333331,-0.0394727283881307,-0.0061268028911304,0.090333743391473,0.0016335893873666,0.4773939865629457,-0.4285714285714286,0.2,disorder,rand,1.0,7,0.12,-0.0016335893873666,0.0007581066684621083
1,"(1, 3)","(2, 3)","(1, 3)",0.5,1.0,100.0,66.66666666666666,100.0,0.0104682284032175,-0.0082720568581529,0.0104682284032175,-0.0226628703613762,0.5752147095682502,0.6,0.4857142857142857,disorder,rand,1.0,7,0.2,0.0226628703613762,0.01996554926653118
2,"(1, 3)","(2, 3)","(1, 3)",0.5,1.0,100.0,66.66666666666666,100.0,0.0634986415342142,-0.0294069246081629,0.0634986415342142,-0.0579049394894713,0.5403666505091127,0.6,0.4857142857142857,disorder,rand,1.0,7,0.2,0.0579049394894713,0.01996554926653118
3,"(1, 3)","(2, 3)","(1, 3)",0.5,1.0,100.0,80.0,100.0,0.1461088756296646,-0.0449826901136196,0.1461088756296646,-0.1027425048647828,0.5171583006671785,0.3714285714285715,0.4857142857142857,disorder,rand,1.0,7,0.2,0.1027425048647828,0.01996554926653118
1,"(1, 3)","(2, 3)","(1, 3)",0.5,1.0,100.0,93.33333333333331,100.0,0.018672782299387,-0.0191867405418966,0.018672782299387,-0.0320927566633907,0.6135124645005269,0.5428571428571429,0.4285714285714286,disorder,rand,1.0,7,0.3,0.0320927566633907,0.02616518639200787
2,"(1, 3)","(2, 3)","(1, 3)",0.5,1.0,100.0,93.33333333333331,100.0,0.1055418485825976,-0.0496705129862595,0.1055418485825976,-0.0890901351278664,0.5513105986758856,0.5428571428571429,0.4285714285714286,disorder,rand,1.0,7,0.3,0.0890901351278664,0.02616518639200787
3,"(1, 3)","(2, 3)","(1, 3)",0.5,1.0,100.0,73.33333333333333,100.0,0.2530566350435448,-0.0350552097203715,0.2530566350435448,-0.1705560839640343,0.4999999999999993,0.4857142857142857,0.4857142857142857,disorder,rand,1.0,7,0.3,0.1705560839640343,0.02616518639200787
1,"(1, 3)","(2, 3)","(1, 3)",0.5,1.0,100.0,93.33333333333331,100.0,0.0228677345838301,-0.0273755017291543,0.0228677345838301,-0.048743211185841,0.5450757017550262,0.4857142857142857,0.4857142857142857,disorder,rand,1.0,7,0.4,0.048743211185841,0.040353211896683644
2,"(1, 3)","(2, 3)","(1, 3)",0.5,1.0,100.0,80.0,100.0,0.1440532199936506,-0.0496130249809156,0.1440532199936506,-0.1215621202180058,0.5220412551822334,0.5428571428571429,0.4285714285714286,disorder,rand,1.0,7,0.4,0.1215621202180058,0.040353211896683644
3,"(1, 3)","(2, 3)","(1, 3)",0.5,1.0,100.0,73.33333333333333,100.0,0.3423795656808359,0.0051571233047403,0.3423795656808359,-0.2217447500369549,0.4999999999999991,0.8285714285714287,0.4285714285714286,disorder,rand,1.0,7,0.4,0.2217447500369549,0.040353211896683644
1,"(1, 2)","(2, 3)","(0, 3)",0.5,0.0,100.0,73.33333333333333,40.0,-0.0059539993737878,-0.002247342884934,0.003977026616691,-0.0221537304537503,0.5000000000000033,0.942857142857143,-0.4857142857142857,disorder,rand,1.0,8,0.12,0.0221537304537503,0.024518925195258053
2,"(1, 2)","(2, 3)","(0, 3)",0.5,0.0,100.0,80.0,40.0,-0.0147466787075856,-0.0064550542254751,0.0080186759422859,-0.0430764604712539,0.5000000000000022,0.942857142857143,-0.4857142857142857,disorder,rand,1.0,8,0.12,0.0430764604712539,0.024518925195258053
3,"(1, 2)","(2, 3)","(3, 5)",0.5,0.0,100.0,80.0,40.0,-0.0055280813084346,-0.0019449075234342,0.0037349887276071,-0.0684015754172012,0.5000000000000026,0.6571428571428573,-0.5428571428571429,disorder,rand,1.0,8,0.12,0.0684015754172012,0.024518925195258053
1,"(1, 2)","(2, 3)","(0, 5)",0.5,0.0,100.0,80.0,40.0,-0.0106688233927565,-0.0063534031288614,0.0040273187226717,-0.027283525440803,0.4999999999999965,0.942857142857143,-0.6,disorder,rand,1.0,8,0.2,0.027283525440803,0.033378120246120385
2,"(1, 2)","(2, 3)","(0, 5)",0.5,0.0,100.0,93.33333333333331,40.0,-0.0242042080052629,-0.0200596172153993,0.0088664722468714,-0.0515708259945598,0.4999999999999988,0.8857142857142858,-0.6,disorder,rand,1.0,8,0.2,0.0515708259945598,0.033378120246120385
3,"(1, 2)","(2, 3)","(1, 5)",0.5,0.5,100.0,93.33333333333331,60.0,0.0055158288338363,-0.0110261963353625,0.012751242533486,-0.0822957785357375,0.4999999999999984,0.4285714285714286,0.0857142857142857,disorder,rand,1.0,8,0.2,0.0822957785357375,0.033378120246120385
1,"(0, 1)","(2, 3)","(0, 5)",0.0,0.5,93.33333333333331,66.66666666666666,33.33333333333333,-0.0075102942380445,-0.0103867850634786,0.0047791679546503,-0.0180438407887647,0.6908209923346487,0.7142857142857143,-0.6571428571428573,disorder,rand,1.0,8,0.3,0.0180438407887647,0.013080937075623762
2,"(0, 1)","(2, 3)","(0, 5)",0.0,0.5,93.33333333333331,66.66666666666666,60.0,-0.0094627304847239,-0.0254039008979856,0.0155918064214246,-0.0488729007425786,0.6332384968725093,0.5428571428571429,-0.6571428571428573,disorder,rand,1.0,8,0.3,0.0488729007425786,0.013080937075623762
3,"(0, 1)","(2, 3)","(1, 5)",0.0,0.5,93.33333333333331,66.66666666666666,86.66666666666667,0.0321949695460721,0.000362044891265,0.0451297600713779,-0.0863031126390556,0.6201382823544627,0.5428571428571429,0.3714285714285715,disorder,rand,1.0,8,0.3,0.0863031126390556,0.013080937075623762
1,"(0, 1)","(2, 3)","(0, 5)",0.0,0.5,100.0,40.0,60.0,-0.0134663751230201,-0.0149926122365995,0.0053539913782113,-0.0385959018116202,0.6055102813921918,0.7142857142857143,-0.6571428571428573,disorder,rand,1.0,8,0.4,0.0385959018116202,0.03740567883963007
2,"(0, 1)","(2, 3)","(0, 5)",0.0,0.5,100.0,46.666666666666664,66.66666666666666,0.0016449414245855,-0.0251711565100237,0.0176395977869005,-0.089309561133039,0.6168947465127164,0.2571428571428572,-0.0857142857142857,disorder,rand,1.0,8,0.4,0.089309561133039,0.03740567883963007
3,"(0, 1)","(2, 3)","(0, 1)",0.0,1.0,100.0,46.666666666666664,100.0,0.0833454496039753,0.0205818762905352,0.0833454496039753,-0.1490709260167497,0.6147490560362774,0.8285714285714287,0.6571428571428573,disorder,rand,1.0,8,0.4,0.1490709260167497,0.03740567883963007
1,"(2, 3)","(2, 3)","(0, 4)",1.0,0.0,100.0,100.0,40.0,-0.0029187190415602,-0.0029187190415602,0.0014322668552357,-0.0239079566287976,0.5000000000000063,0.7714285714285715,-0.6571428571428573,disorder,rand,1.0,9,0.12,0.0239079566287976,0.023846215065291866
2,"(2, 3)","(2, 3)","(0, 2)",1.0,0.5,100.0,100.0,73.33333333333333,-0.0025235131204337,-0.0025235131204337,0.0085876268521747,-0.0516091870988331,0.500000000000004,0.7142857142857143,0.0857142857142857,disorder,rand,1.0,9,0.12,0.0516091870988331,0.023846215065291866
3,"(2, 3)","(2, 3)","(0, 2)",1.0,0.5,100.0,100.0,73.33333333333333,0.0108938993439655,0.0108938993439655,0.0337655154137328,-0.0838003228997301,0.4999999999999983,0.7142857142857143,0.0857142857142857,disorder,rand,1.0,9,0.12,0.0838003228997301,0.023846215065291866
1,"(2, 3)","(2, 3)","(0, 2)",1.0,0.5,100.0,100.0,53.333333333333336,-0.0043764902189202,-0.0043764902189202,0.0041265274996343,-0.0404456021909886,0.5000000000000064,0.7714285714285715,-0.0857142857142857,disorder,rand,1.0,9,0.2,0.0404456021909886,0.04047273955119304
2,"(2, 3)","(2, 3)","(0, 2)",1.0,0.5,100.0,100.0,73.33333333333333,0.0019878159650943,0.0019878159650943,0.0241027684467623,-0.0891210102044914,0.5000000000000038,0.7714285714285715,-0.0285714285714285,disorder,rand,1.0,9,0.2,0.0891210102044914,0.04047273955119304
3,"(2, 3)","(2, 3)","(0, 2)",1.0,0.5,100.0,100.0,73.33333333333333,0.0416417337776975,0.0416417337776975,0.0608518714318676,-0.1465459696135979,0.5000000000000006,0.7142857142857143,0.3142857142857143,disorder,rand,1.0,9,0.2,0.1465459696135979,0.04047273955119304
1,"(2, 3)","(2, 3)","(0, 2)",1.0,0.5,100.0,100.0,80.0,-0.0050246663477948,-0.0050246663477948,0.0075854040645201,-0.0552240412970406,0.5000000000000009,0.6,-0.0285714285714285,disorder,rand,1.0,9,0.3,0.0552240412970406,0.05451392538190798
2,"(2, 3)","(2, 3)","(0, 2)",1.0,0.5,100.0,100.0,80.0,0.0218723193366254,0.0218723193366254,0.0412611280729524,-0.1289721936460399,0.5000000000000012,0.7142857142857143,0.0857142857142857,disorder,rand,1.0,9,0.3,0.1289721936460399,0.05451392538190798
3,"(2, 3)","(2, 3)","(2, 3)",1.0,1.0,100.0,100.0,100.0,0.1241235772155602,0.1241235772155602,0.1241235772155602,-0.2193265945369876,0.4999999999999991,0.8285714285714287,0.4857142857142857,disorder,rand,1.0,9,0.3,0.2193265945369876,0.05451392538190798
1,"(2, 3)","(2, 3)","(0, 2)",1.0,0.5,100.0,100.0,80.0,-0.0051159829635616,-0.0051159829635616,0.0090874892435527,-0.0666968575128666,0.4999999999999988,0.6,-0.0285714285714285,disorder,rand,1.0,9,0.4,0.0666968575128666,0.06264552717456441
2,"(2, 3)","(2, 3)","(0, 2)",1.0,0.5,100.0,100.0,80.0,0.0562937994583379,0.0562937994583379,0.0573183082468273,-0.1630579450012446,0.5000000000000013,0.7142857142857143,0.3142857142857143,disorder,rand,1.0,9,0.4,0.1630579450012446,0.06264552717456441
3,"(2, 3)","(2, 3)","(2, 3)",1.0,1.0,100.0,100.0,100.0,0.2122004286340761,0.2122004286340761,0.2122004286340761,-0.2763761073777084,0.4999999999999993,1.0,0.4857142857142857,disorder,rand,1.0,9,0.4,0.2763761073777084,0.06264552717456441
1,"(1, 2)","(2, 3)","(3, 5)",0.5,0.0,86.66666666666667,40.0,60.0,-0.0024449368504132,0.0005504028580426,0.0053076427604881,-0.0070771836105635,0.3518895051592774,-0.4857142857142857,0.0857142857142857,disorder,rand,2.0,0,0.12,0.0070771836105635,0.00873255568068901
2,"(1, 2)","(2, 3)","(1, 3)",0.5,0.5,86.66666666666667,60.0,93.33333333333331,-0.0061418939134982,-0.0056906218702779,0.0313757833649952,-0.0127296287617753,0.3152415821855551,0.4857142857142857,0.0857142857142857,disorder,rand,2.0,0,0.12,0.0127296287617753,0.00873255568068901
3,"(1, 2)","(2, 3)","(1, 3)",0.5,0.5,93.33333333333331,60.0,86.66666666666667,-0.0012868975104046,-0.025073829705034,0.0801108619624679,-0.0210306372677107,0.3001222608770126,0.8857142857142858,0.0857142857142857,disorder,rand,2.0,0,0.12,0.0210306372677107,0.00873255568068901
1,"(1, 3)","(2, 3)","(3, 5)",0.5,0.5,80.0,40.0,60.0,0.0130658560636032,-2.6701554196595367e-05,0.0139382983465974,-0.0167113037716482,0.569536354607908,-0.2,0.4857142857142857,disorder,rand,2.0,0,0.2,0.0167113037716482,0.01415670251658311
2,"(1, 3)","(2, 3)","(1, 3)",0.5,1.0,86.66666666666667,60.0,86.66666666666667,0.0735699924344168,-0.0129194779720495,0.0735699924344168,-0.0461681646088885,0.532135157403097,0.3142857142857143,0.5428571428571429,disorder,rand,2.0,0,0.2,0.0461681646088885,0.01415670251658311
3,"(1, 3)","(2, 3)","(1, 3)",0.5,1.0,80.0,60.0,80.0,0.1629355977067093,-0.0436199631669995,0.1629355977067093,-0.0844695974071139,0.5292904640160394,0.7714285714285715,0.4857142857142857,disorder,rand,2.0,0,0.2,0.0844695974071139,0.01415670251658311
1,"(1, 3)","(2, 3)","(1, 3)",0.5,1.0,100.0,86.66666666666667,100.0,0.0253819022305723,-0.0033054362869444,0.0253819022305723,-0.0263558347191822,0.499999999999995,0.0857142857142857,0.8285714285714287,disorder,rand,2.0,0,0.3,0.0263558347191822,0.01995487272566166
2,"(1, 3)","(2, 3)","(1, 3)",0.5,1.0,100.0,93.33333333333331,100.0,0.1232565764678916,-0.0084468029700729,0.1232565764678916,-0.0770243671521508,0.5000000000000026,0.0857142857142857,0.6571428571428573,disorder,rand,2.0,0,0.3,0.0770243671521508,0.01995487272566166
3,"(1, 3)","(2, 3)","(1, 3)",0.5,1.0,100.0,93.33333333333331,100.0,0.2531102179379119,-0.0037900278305286,0.2531102179379119,-0.1419080052167558,0.4999999999999997,0.6,0.6571428571428573,disorder,rand,2.0,0,0.3,0.1419080052167558,0.01995487272566166
1,"(1, 3)","(2, 3)","(1, 3)",0.5,1.0,86.66666666666667,93.33333333333331,86.66666666666667,0.0353178370063123,-0.0054408174894454,0.0353178370063123,-0.0396194300380008,0.5100117488279748,0.1428571428571428,0.6,disorder,rand,2.0,0,0.4,0.0396194300380008,0.02719495175277964
2,"(1, 3)","(2, 3)","(1, 3)",0.5,1.0,86.66666666666667,100.0,86.66666666666667,0.1640126752136328,0.0098191298430333,0.1640126752136328,-0.1095925917557256,0.5000000000000017,0.4285714285714286,0.6,disorder,rand,2.0,0,0.4,0.1095925917557256,0.02719495175277964
3,"(1, 3)","(2, 3)","(1, 3)",0.5,1.0,100.0,93.33333333333331,100.0,0.3299730766308173,0.0566724444058502,0.3299730766308173,-0.1898100846038337,0.4999999999999998,0.8857142857142858,0.6,disorder,rand,2.0,0,0.4,0.1898100846038337,0.02719495175277964
1,"(3, 4)","(2, 3)","(1, 5)",0.5,0.0,86.66666666666667,93.33333333333331,53.333333333333336,-0.0014541223495068,-0.0007735398038956,0.0049761051536301,-0.0020085247501405,0.1787852597720244,0.4857142857142857,-0.3714285714285715,disorder,rand,2.0,1,0.12,0.0020085247501405,0.0025119165782113966
2,"(3, 4)","(2, 3)","(3, 5)",0.5,0.5,93.33333333333331,86.66666666666667,80.0,-0.0109183115071834,0.0062951870220371,0.0241793743593476,-0.0011690271986879,0.116354080048661,0.942857142857143,-0.0857142857142857,disorder,rand,2.0,1,0.12,0.0011690271986879,0.0025119165782113966
3,"(3, 4)","(2, 3)","(3, 5)",0.5,0.5,93.33333333333331,86.66666666666667,80.0,-0.0239628958219706,0.0238297317536251,0.0576336025628876,0.0004507855603001,0.1165661343701744,1.0,-0.0285714285714285,disorder,rand,2.0,1,0.12,-0.0004507855603001,0.0025119165782113966
1,"(3, 4)","(2, 3)","(1, 5)",0.5,0.0,86.66666666666667,93.33333333333331,53.333333333333336,-0.0060942772242042,-0.0025172935771247,0.0141031480669084,-0.009348477889173,0.3414405243493262,0.3714285714285715,0.0857142857142857,disorder,rand,2.0,1,0.2,0.009348477889173,0.011163683633032486
2,"(3, 4)","(2, 3)","(3, 5)",0.5,0.5,93.33333333333331,86.66666666666667,73.33333333333333,-0.0336060923727885,0.0101057656717914,0.0567373409392912,-0.0111239454206483,0.183823016600387,0.7714285714285715,0.2571428571428572,disorder,rand,2.0,1,0.2,0.0111239454206483,0.011163683633032486
3,"(3, 4)","(2, 3)","(3, 5)",0.5,0.5,93.33333333333331,86.66666666666667,73.33333333333333,-0.0637386725131733,0.0374392255700854,0.1207792329752333,-0.0105856444549052,0.1118113429851537,0.8285714285714287,0.2571428571428572,disorder,rand,2.0,1,0.2,0.0105856444549052,0.011163683633032486
1,"(3, 4)","(2, 3)","(1, 5)",0.5,0.0,86.66666666666667,93.33333333333331,53.333333333333336,-0.0133535192050154,-0.0077520732597614,0.0268381801045858,-0.01219069092523,0.2904376588811354,0.2571428571428572,0.0285714285714285,disorder,rand,2.0,1,0.3,0.01219069092523,0.017889693550092952
2,"(3, 4)","(2, 3)","(3, 5)",0.5,0.5,93.33333333333331,86.66666666666667,73.33333333333333,-0.0592936042669767,0.0035360906105885,0.0806336688139874,-0.0102002912591735,0.1368237625732532,0.8285714285714287,0.2571428571428572,disorder,rand,2.0,1,0.3,0.0102002912591735,0.017889693550092952
3,"(3, 4)","(2, 3)","(3, 5)",0.5,0.5,93.33333333333331,86.66666666666667,73.33333333333333,-0.0901374140387523,0.0266006724829407,0.1598481359832571,-0.0078455328689407,0.1284602640018456,0.8285714285714287,0.2571428571428572,disorder,rand,2.0,1,0.3,0.0078455328689407,0.017889693550092952
1,"(3, 5)","(2, 3)","(1, 5)",0.5,0.5,73.33333333333333,93.33333333333331,53.333333333333336,0.0230008732621023,-0.0150011611281258,0.0386754956479928,-0.017502902021969,0.4662797329569684,0.0857142857142857,0.2571428571428572,disorder,rand,2.0,1,0.4,0.017502902021969,0.008767326860070188
2,"(3, 5)","(2, 3)","(1, 5)",0.5,0.5,60.0,86.66666666666667,73.33333333333333,0.0966117825387946,-0.0055921493832315,0.105572256294617,-0.0432489826466112,0.5569135377698144,0.7714285714285715,0.3714285714285715,disorder,rand,2.0,1,0.4,0.0432489826466112,0.008767326860070188
3,"(3, 5)","(2, 3)","(3, 5)",0.5,1.0,60.0,80.0,60.0,0.1955357556792736,0.0115793124006512,0.1955357556792736,-0.0678883548315966,0.5594003670905998,0.7714285714285715,0.5428571428571429,disorder,rand,2.0,1,0.4,0.0678883548315966,0.008767326860070188
1,"(0, 1)","(2, 3)","(1, 4)",0.0,0.5,86.66666666666667,40.0,100.0,0.0010347899568619,-0.0026811681930832,0.0039499874929593,-0.0034447072274212,0.543006752457238,-0.5428571428571429,0.6,disorder,rand,2.0,2,0.12,0.0034447072274212,0.0029662639560862902
2,"(0, 1)","(2, 3)","(1, 4)",0.0,0.5,86.66666666666667,40.0,100.0,0.0084968925099493,-0.0129418775390094,0.0203333509582981,-0.0102440050988623,0.5415427743840442,0.0857142857142857,0.3142857142857143,disorder,rand,2.0,2,0.12,0.0102440050988623,0.0029662639560862902
3,"(0, 1)","(2, 3)","(1, 4)",0.0,0.5,86.66666666666667,40.0,100.0,0.0219864103976874,-0.0278266389411571,0.0433829796599283,-0.0202675855931964,0.5006415850744871,0.8285714285714287,0.2571428571428572,disorder,rand,2.0,2,0.12,0.0202675855931964,0.0029662639560862902
1,"(0, 1)","(2, 3)","(1, 4)",0.0,0.5,93.33333333333331,20.0,100.0,0.0014915100928003,-0.0066650762524146,0.0101495329543388,-0.0101590891024964,0.592514750069971,-0.7142857142857143,0.6,disorder,rand,2.0,2,0.2,0.0101590891024964,0.009268784538685893
2,"(0, 1)","(2, 3)","(1, 4)",0.0,0.5,86.66666666666667,20.0,100.0,0.0163577004632298,-0.0302316203686582,0.0430878845133642,-0.0277697584139914,0.5645262870517416,-0.1428571428571428,0.3142857142857143,disorder,rand,2.0,2,0.2,0.0277697584139914,0.009268784538685893
3,"(0, 1)","(2, 3)","(1, 4)",0.0,0.5,86.66666666666667,40.0,100.0,0.045053055424975,-0.0626338656895937,0.080415766467089,-0.0528672531839463,0.5608034504875693,0.5428571428571429,0.4857142857142857,disorder,rand,2.0,2,0.2,0.0528672531839463,0.009268784538685893
1,"(0, 1)","(2, 3)","(1, 4)",0.0,0.5,93.33333333333331,20.0,100.0,0.0018165376517687,-0.0144215564990523,0.0185028754951788,-0.0189029863818068,0.5747474710634367,-0.7142857142857143,0.6,disorder,rand,2.0,2,0.3,0.0189029863818068,0.01671743887219728
2,"(0, 1)","(2, 3)","(1, 4)",0.0,0.5,86.66666666666667,40.0,100.0,0.0248755273137613,-0.0553445473975915,0.0732988047962179,-0.0522955942124017,0.5581814200264814,-0.1428571428571428,0.4285714285714286,disorder,rand,2.0,2,0.3,0.0522955942124017,0.01671743887219728
3,"(0, 1)","(2, 3)","(1, 4)",0.0,0.5,93.33333333333331,20.0,100.0,0.0717001109300585,-0.1054923689122016,0.137378129342357,-0.0976818903252323,0.5527150153373569,0.7142857142857143,0.3142857142857143,disorder,rand,2.0,2,0.3,0.0976818903252323,0.01671743887219728
1,"(0, 1)","(2, 3)","(0, 4)",0.0,0.5,86.66666666666667,40.0,53.333333333333336,0.001561030326902,-0.0247416977538482,0.0293647684260767,-0.0268946452629453,0.5238837652720456,-0.8285714285714287,0.6,disorder,rand,2.0,2,0.4,0.0268946452629453,0.023508262418582584
2,"(0, 1)","(2, 3)","(1, 4)",0.0,0.5,86.66666666666667,26.666666666666668,100.0,0.0361806906086403,-0.0804172767732921,0.1152653185966334,-0.0727285878371253,0.5462172941084543,0.0857142857142857,0.4285714285714286,disorder,rand,2.0,2,0.4,0.0727285878371253,0.023508262418582584
3,"(0, 1)","(2, 3)","(1, 4)",0.0,0.5,93.33333333333331,20.0,100.0,0.1131000499355683,-0.1469206355059201,0.2031800915095227,-0.1313116138303036,0.5357339063761294,0.7142857142857143,0.3142857142857143,disorder,rand,2.0,2,0.4,0.1313116138303036,0.023508262418582584
1,"(1, 2)","(2, 3)","(3, 5)",0.5,0.0,46.666666666666664,93.33333333333331,73.33333333333333,-0.00334251212666,0.0017064286853457,0.0049794965887473,-0.0007701791085177,0.5545638562932615,0.7142857142857143,-0.3714285714285715,disorder,rand,2.0,3,0.12,0.0007701791085177,-0.0004158626964818153
2,"(1, 2)","(2, 3)","(1, 3)",0.5,0.5,46.666666666666664,93.33333333333331,100.0,-0.0160571609147147,0.013560488988103,0.0341488664034139,-0.0028062544392728,0.5503855590791685,0.7142857142857143,-0.1428571428571428,disorder,rand,2.0,3,0.12,0.0028062544392728,-0.0004158626964818153
3,"(1, 2)","(2, 3)","(1, 3)",0.5,0.5,46.666666666666664,93.33333333333331,100.0,-0.0302428159699874,0.0388182451837759,0.0837007861261884,-0.0052543878481484,0.5606116565094992,0.5428571428571429,0.0285714285714285,disorder,rand,2.0,3,0.12,0.0052543878481484,-0.0004158626964818153
1,"(2, 3)","(2, 3)","(3, 5)",1.0,0.5,100.0,100.0,73.33333333333333,-0.0011234772504281,-0.0011234772504281,0.0127009702914611,-0.0223386355188922,0.5820745210183007,0.8285714285714287,0.1428571428571428,disorder,rand,2.0,3,0.2,0.0223386355188922,0.02081157903837149
2,"(2, 3)","(2, 3)","(1, 3)",1.0,0.5,100.0,100.0,86.66666666666667,0.010185741067416,0.010185741067416,0.0646787138347965,-0.0555917755299427,0.4962210418915466,0.8857142857142858,0.2571428571428572,disorder,rand,2.0,3,0.2,0.0555917755299427,0.02081157903837149
3,"(2, 3)","(2, 3)","(1, 3)",1.0,0.5,100.0,100.0,86.66666666666667,0.0460342370954414,0.0460342370954414,0.1368486106993632,-0.0971818699523234,0.4643348224522582,0.8857142857142858,0.3714285714285715,disorder,rand,2.0,3,0.2,0.0971818699523234,0.02081157903837149
1,"(2, 3)","(2, 3)","(3, 5)",1.0,0.5,100.0,100.0,80.0,-0.0024068591126552,-0.0024068591126552,0.0220872015386514,-0.0398054075202468,0.5004065358235793,0.8285714285714287,0.1428571428571428,disorder,rand,2.0,3,0.3,0.0398054075202468,0.03722367445426622
2,"(2, 3)","(2, 3)","(1, 3)",1.0,0.5,100.0,100.0,73.33333333333333,0.0183542886465842,0.0183542886465842,0.0955646319341907,-0.0986923648700031,0.4434436177341939,0.8857142857142858,0.2571428571428572,disorder,rand,2.0,3,0.3,0.0986923648700031,0.03722367445426622
3,"(2, 3)","(2, 3)","(1, 3)",1.0,0.5,100.0,100.0,73.33333333333333,0.0895607785379382,0.0895607785379382,0.2019427299226217,-0.1670315101238831,0.4318212174737783,0.7714285714285715,0.3714285714285715,disorder,rand,2.0,3,0.3,0.1670315101238831,0.03722367445426622
1,"(2, 3)","(2, 3)","(3, 5)",1.0,0.5,100.0,100.0,80.0,-0.001720021783399,-0.001720021783399,0.0298822937366388,-0.0514161688454942,0.4787613550714456,0.8285714285714287,0.1428571428571428,disorder,rand,2.0,3,0.4,0.0514161688454942,0.04387527799781486
2,"(2, 3)","(2, 3)","(1, 3)",1.0,0.5,100.0,100.0,73.33333333333333,0.044745521902757,0.044745521902757,0.1340612892837345,-0.1306051250386489,0.4322673902090616,0.7714285714285715,0.3714285714285715,disorder,rand,2.0,3,0.4,0.1306051250386489,0.04387527799781486
3,"(2, 3)","(2, 3)","(1, 3)",1.0,0.5,100.0,100.0,73.33333333333333,0.1524955971905445,0.1524955971905445,0.2847640902258158,-0.220226455393526,0.4372049763803861,0.7714285714285715,0.3714285714285715,disorder,rand,2.0,3,0.4,0.220226455393526,0.04387527799781486
1,"(1, 2)","(2, 3)","(2, 4)",0.5,0.5,73.33333333333333,40.0,46.666666666666664,-9.15029026081482e-05,-0.002652989661913,0.0067831029938981,-0.007614116482971,0.2939047439818488,-0.5428571428571429,0.4285714285714286,disorder,rand,2.0,4,0.12,0.007614116482971,0.00822846316015025
2,"(1, 2)","(2, 3)","(1, 4)",0.5,0.5,86.66666666666667,40.0,100.0,0.0061925512120068,-0.0150368086357949,0.0287260942988787,-0.0163483851701478,0.2960418928864891,-0.3142857142857143,0.6,disorder,rand,2.0,4,0.12,0.0163483851701478,0.00822846316015025
3,"(1, 2)","(2, 3)","(1, 4)",0.5,0.5,86.66666666666667,40.0,100.0,0.0237293299754569,-0.0344258942597328,0.0675373205735196,-0.0274996358642584,0.2849957561928422,0.8285714285714287,0.0857142857142857,disorder,rand,2.0,4,0.12,0.0274996358642584,0.00822846316015025
1,"(1, 2)","(2, 3)","(1, 4)",0.5,0.5,86.66666666666667,40.0,100.0,0.0011627637048602,-0.0098727425630835,0.0173404815319422,-0.0104192021931633,0.357071037077777,-0.7142857142857143,0.6,disorder,rand,2.0,4,0.2,0.0104192021931633,0.011694019386757385
2,"(1, 2)","(2, 3)","(1, 4)",0.5,0.5,86.66666666666667,40.0,100.0,0.0166258319252649,-0.0457064240205682,0.0793677863503727,-0.024488697430474,0.3479302284005698,0.0857142857142857,0.6,disorder,rand,2.0,4,0.2,0.024488697430474,0.011694019386757385
3,"(1, 2)","(2, 3)","(1, 4)",0.5,0.5,86.66666666666667,40.0,100.0,0.0486345010285749,-0.0929243727126603,0.1641226975713516,-0.044359582487726,0.3291548789326083,0.942857142857143,0.0857142857142857,disorder,rand,2.0,4,0.2,0.044359582487726,0.011694019386757385
1,"(1, 2)","(2, 3)","(1, 4)",0.5,0.5,60.0,40.0,100.0,0.0032346499771804,-0.0253714628793962,0.0395992270583978,-0.0089464532168983,0.5615030402249994,-0.5428571428571429,0.6,disorder,rand,2.0,4,0.3,0.0089464532168983,0.007856477500510772
2,"(1, 2)","(2, 3)","(1, 4)",0.5,0.5,66.66666666666666,40.0,100.0,0.0249457609340661,-0.0956650088374112,0.1498967898429837,-0.031099075327332,0.4511798339985727,0.0857142857142857,0.6,disorder,rand,2.0,4,0.3,0.031099075327332,0.007856477500510772
3,"(1, 2)","(2, 3)","(1, 4)",0.5,0.5,93.33333333333331,40.0,100.0,0.0527264355810594,-0.1660294615173452,0.2640788060783972,-0.0640090085852196,0.4104768969064817,0.8285714285714287,0.0857142857142857,disorder,rand,2.0,4,0.3,0.0640090085852196,0.007856477500510772
1,"(1, 4)","(2, 3)","(1, 4)",0.0,1.0,100.0,40.0,100.0,0.0594578444118731,-0.0431172832748863,0.0594578444118731,-0.0494783609400775,0.5000000000000026,-0.1428571428571428,0.8285714285714287,disorder,rand,2.0,4,0.4,0.0494783609400775,0.018139268386279057
2,"(1, 4)","(2, 3)","(1, 4)",0.0,1.0,100.0,40.0,100.0,0.1925704843461273,-0.1326180881240005,0.1925704843461273,-0.1313030641006243,0.5000000000000013,0.4285714285714286,0.8857142857142858,disorder,rand,2.0,4,0.4,0.1313030641006243,0.018139268386279057
3,"(1, 4)","(2, 3)","(1, 4)",0.0,1.0,100.0,40.0,100.0,0.3130981046587766,-0.2030749394229651,0.3130981046587766,-0.2110747871691884,0.4999999999999997,0.942857142857143,0.6,disorder,rand,2.0,4,0.4,0.2110747871691884,0.018139268386279057
1,"(2, 3)","(2, 3)","(2, 4)",1.0,0.5,93.33333333333331,93.33333333333331,100.0,0.000707960281257,0.000707960281257,0.0098340817381059,-0.0035490439312351,0.3366994746522425,1.0,0.2,disorder,rand,2.0,5,0.12,0.0035490439312351,0.003398203906217494
2,"(2, 3)","(2, 3)","(2, 4)",1.0,0.5,93.33333333333331,93.33333333333331,100.0,0.0041378403244998,0.0041378403244998,0.0539791069538897,-0.0080254730310626,0.2808594180230977,1.0,0.2,disorder,rand,2.0,5,0.12,0.0080254730310626,0.003398203906217494
3,"(2, 3)","(2, 3)","(2, 4)",1.0,0.5,93.33333333333331,93.33333333333331,100.0,0.0053221221168112,0.0053221221168112,0.1041409970562634,-0.0124738661445586,0.2418591526162045,1.0,0.2,disorder,rand,2.0,5,0.12,0.0124738661445586,0.003398203906217494
1,"(2, 3)","(2, 3)","(2, 4)",1.0,0.5,93.33333333333331,93.33333333333331,100.0,-0.0007556104713414,-0.0007556104713414,0.0231176427628432,-0.0120495844891739,0.3640368233947107,0.8857142857142858,0.2571428571428572,disorder,rand,2.0,5,0.2,0.0120495844891739,0.012073445854920359
2,"(2, 3)","(2, 3)","(2, 4)",1.0,0.5,93.33333333333331,93.33333333333331,100.0,-0.000408884353239,-0.000408884353239,0.1182376366880688,-0.0269350497986604,0.3051061560651455,0.8857142857142858,0.2571428571428572,disorder,rand,2.0,5,0.2,0.0269350497986604,0.012073445854920359
3,"(2, 3)","(2, 3)","(2, 4)",1.0,0.5,93.33333333333331,93.33333333333331,100.0,-0.0014393323657602,-0.0014393323657602,0.2182097436343366,-0.0434589374530955,0.264880978530147,0.8857142857142858,0.2571428571428572,disorder,rand,2.0,5,0.2,0.0434589374530955,0.012073445854920359
1,"(2, 4)","(2, 3)","(2, 4)",0.5,1.0,86.66666666666667,93.33333333333331,86.66666666666667,0.0408549125990242,-0.0066474756022016,0.0408549125990242,-0.0469948221530232,0.4999999999999955,0.7714285714285715,0.4857142857142857,disorder,rand,2.0,5,0.3,0.0469948221530232,0.031301901215201
2,"(2, 4)","(2, 3)","(2, 4)",0.5,1.0,86.66666666666667,100.0,86.66666666666667,0.1912520135014028,-0.0200438245807063,0.1912520135014028,-0.1244547569499681,0.500000000000003,0.7714285714285715,0.4857142857142857,disorder,rand,2.0,5,0.3,0.1244547569499681,0.031301901215201
3,"(2, 4)","(2, 3)","(2, 4)",0.5,1.0,86.66666666666667,100.0,86.66666666666667,0.3401639999223382,-0.0160687621934996,0.3401639999223382,-0.1899257412447594,0.4999999999999994,0.8285714285714287,0.4285714285714286,disorder,rand,2.0,5,0.3,0.1899257412447594,0.031301901215201
1,"(2, 4)","(2, 3)","(2, 4)",0.5,1.0,86.66666666666667,100.0,86.66666666666667,0.0604038647727833,-0.0135854551667657,0.0604038647727833,-0.0514525076222265,0.4999999999999966,0.7714285714285715,0.4857142857142857,disorder,rand,2.0,5,0.4,0.0514525076222265,0.036058304309273426
2,"(2, 4)","(2, 3)","(2, 4)",0.5,1.0,86.66666666666667,100.0,86.66666666666667,0.2541687780682522,-0.0288098749422693,0.2541687780682522,-0.1346441926291169,0.5000000000000019,0.8285714285714287,0.4285714285714286,disorder,rand,2.0,5,0.4,0.1346441926291169,0.036058304309273426
3,"(2, 4)","(2, 3)","(2, 4)",0.5,1.0,100.0,93.33333333333331,100.0,0.4178959322609121,0.0071158254663239,0.4178959322609121,-0.2214203152232494,0.499999999999999,0.942857142857143,0.4285714285714286,disorder,rand,2.0,5,0.4,0.2214203152232494,0.036058304309273426
1,"(3, 4)","(2, 3)","(1, 4)",0.5,0.5,73.33333333333333,93.33333333333331,46.666666666666664,0.0024518565428199,-0.004731320337274,0.0071191114096469,-0.0058070408410724,0.2938298792197462,0.6571428571428573,0.4285714285714286,disorder,rand,2.0,6,0.12,0.0058070408410724,0.004871594101122688
2,"(3, 4)","(2, 3)","(1, 4)",0.5,0.5,73.33333333333333,93.33333333333331,46.666666666666664,0.016377870532992,-0.0131349476310677,0.0240365953871823,-0.0169032675391559,0.4030428161257217,0.2571428571428572,0.2571428571428572,disorder,rand,2.0,6,0.12,0.0169032675391559,0.004871594101122688
3,"(3, 4)","(2, 3)","(1, 3)",0.5,0.5,80.0,93.33333333333331,100.0,0.036422832442492,-0.0005228288194185,0.0543749677530902,-0.0320485500155741,0.4064317385839843,0.8285714285714287,0.4857142857142857,disorder,rand,2.0,6,0.12,0.0320485500155741,0.004871594101122688
1,"(3, 4)","(2, 3)","(1, 4)",0.5,0.5,93.33333333333331,86.66666666666667,60.0,0.0046255428796104,-0.0107566963350862,0.0154447647172339,-0.0161117152266055,0.4999999999999944,-0.0857142857142857,0.6,disorder,rand,2.0,6,0.2,0.0161117152266055,0.013651013755334476
2,"(3, 4)","(2, 3)","(1, 4)",0.5,0.5,100.0,86.66666666666667,80.0,0.0330796576825054,-0.0333073244153742,0.0566217897995802,-0.045787921999677,0.500000000000007,0.2,0.5428571428571429,disorder,rand,2.0,6,0.2,0.045787921999677,0.013651013755334476
3,"(3, 4)","(2, 3)","(1, 3)",0.5,0.5,100.0,86.66666666666667,93.33333333333331,0.0797765669043071,-0.0172646259061723,0.1138121869525055,-0.0850174788623289,0.4999999999999984,0.6571428571428573,0.7142857142857143,disorder,rand,2.0,6,0.2,0.0850174788623289,0.013651013755334476
1,"(3, 4)","(2, 3)","(1, 4)",0.5,0.5,100.0,46.666666666666664,93.33333333333331,0.0059598732851406,-0.0211203283804059,0.0273438455507768,-0.0306207829168864,0.5000000000000001,-0.1428571428571428,0.6,disorder,rand,2.0,6,0.3,0.0306207829168864,0.024304554325926778
2,"(3, 4)","(2, 3)","(1, 4)",0.5,0.5,100.0,40.0,93.33333333333331,0.0510719085335997,-0.0700649213116552,0.1114231201450832,-0.0842802131489905,0.5000000000000032,-0.0857142857142857,0.5428571428571429,disorder,rand,2.0,6,0.3,0.0842802131489905,0.024304554325926778
3,"(3, 4)","(2, 3)","(1, 4)",0.5,0.5,100.0,46.666666666666664,93.33333333333331,0.1358080849255316,-0.0664422276384718,0.1824647759187492,-0.1486687539531551,0.4999999999999988,0.4857142857142857,0.5428571428571429,disorder,rand,2.0,6,0.3,0.1486687539531551,0.024304554325926778
1,"(3, 4)","(2, 3)","(1, 4)",0.5,0.5,93.33333333333331,40.0,100.0,0.0062415694801987,-0.0363232771771881,0.0424834390310713,-0.0424185208964444,0.5000000000000012,-0.3714285714285715,0.6,disorder,rand,2.0,6,0.4,0.0424185208964444,0.034866972431210994
2,"(3, 4)","(2, 3)","(1, 4)",0.5,0.5,100.0,40.0,93.33333333333331,0.071022974695184,-0.106340925918697,0.1744204695179396,-0.1130588182787309,0.5000000000000019,-0.0857142857142857,0.5428571428571429,disorder,rand,2.0,6,0.4,0.1130588182787309,0.034866972431210994
3,"(3, 4)","(2, 3)","(1, 4)",0.5,0.5,100.0,33.33333333333333,93.33333333333331,0.1786608724737071,-0.0965492236169962,0.2916765735199456,-0.1954358568611992,0.4999999999999993,0.6571428571428573,0.5428571428571429,disorder,rand,2.0,6,0.4,0.1954358568611992,0.034866972431210994
1,"(2, 3)","(2, 3)","(3, 5)",1.0,0.5,100.0,100.0,66.66666666666666,0.0022312721348027,0.0022312721348027,0.0033218307016036,-0.0066473915792645,0.5313194814504065,-0.2,-0.1428571428571428,disorder,rand,2.0,7,0.12,0.0066473915792645,0.004787621988525461
2,"(2, 3)","(2, 3)","(2, 5)",1.0,0.5,100.0,100.0,93.33333333333331,0.0157670470203064,0.0157670470203064,0.0169436362093555,-0.0188601022819314,0.5065777231100834,0.4857142857142857,-0.0857142857142857,disorder,rand,2.0,7,0.12,0.0188601022819314,0.004787621988525461
3,"(2, 3)","(2, 3)","(2, 5)",1.0,0.5,100.0,100.0,93.33333333333331,0.0358960518326656,0.0358960518326656,0.0381372219472697,-0.0334250576889603,0.500338667904671,0.7714285714285715,0.2,disorder,rand,2.0,7,0.12,0.0334250576889603,0.004787621988525461
1,"(2, 3)","(2, 3)","(3, 5)",1.0,0.5,100.0,100.0,60.0,0.004008677354147,0.004008677354147,0.0078164004799163,-0.019076150471582,0.4999999999999988,-0.3714285714285715,-0.0857142857142857,disorder,rand,2.0,7,0.2,0.019076150471582,0.015886011246719775
2,"(2, 3)","(2, 3)","(2, 5)",1.0,0.5,100.0,100.0,86.66666666666667,0.0326427007365193,0.0326427007365193,0.0396666329164363,-0.0509405823163091,0.499999999999997,-0.3142857142857143,-0.0285714285714285,disorder,rand,2.0,7,0.2,0.0509405823163091,0.015886011246719775
3,"(2, 3)","(2, 3)","(2, 5)",1.0,0.5,100.0,100.0,86.66666666666667,0.0792305699620876,0.0792305699620876,0.0821134430819348,-0.0902051830515752,0.4999999999999968,0.6571428571428573,0.2571428571428572,disorder,rand,2.0,7,0.2,0.0902051830515752,0.015886011246719775
1,"(2, 3)","(2, 3)","(3, 5)",1.0,0.5,100.0,100.0,46.666666666666664,0.004784344041453,0.004784344041453,0.0144514777594673,-0.0362185962157388,0.4999999999999927,-0.0857142857142857,0.0857142857142857,disorder,rand,2.0,7,0.3,0.0362185962157388,0.030311114579021657
2,"(2, 3)","(2, 3)","(3, 5)",1.0,0.5,100.0,100.0,73.33333333333333,0.0496231362167742,0.0496231362167742,0.0724761466667245,-0.0946320412023926,0.499999999999999,-0.2,0.3142857142857143,disorder,rand,2.0,7,0.3,0.0946320412023926,0.030311114579021657
3,"(2, 3)","(2, 3)","(2, 5)",1.0,0.5,100.0,100.0,80.0,0.136321677421094,0.136321677421094,0.1391119663832618,-0.1635722177707901,0.5000000000000006,0.6571428571428573,0.3714285714285715,disorder,rand,2.0,7,0.3,0.1635722177707901,0.030311114579021657
1,"(2, 3)","(2, 3)","(3, 5)",1.0,0.5,100.0,100.0,53.333333333333336,0.0047454863543849,0.0047454863543849,0.0200370635808755,-0.0476213067093512,0.4999999999999991,-0.0285714285714285,0.3714285714285715,disorder,rand,2.0,7,0.4,0.0476213067093512,0.042286635248741655
2,"(2, 3)","(2, 3)","(3, 5)",1.0,0.5,100.0,100.0,73.33333333333333,0.0720163010976115,0.0720163010976115,0.1051834127726825,-0.123515276337604,0.500000000000002,0.1428571428571428,0.6,disorder,rand,2.0,7,0.4,0.123515276337604,0.042286635248741655
3,"(2, 3)","(2, 3)","(3, 5)",1.0,0.5,100.0,100.0,66.66666666666666,0.1921581357588386,0.1921581357588386,0.2060625742499622,-0.2151174591887165,0.5000000000000009,0.8857142857142858,0.6,disorder,rand,2.0,7,0.4,0.2151174591887165,0.042286635248741655
1,"(3, 5)","(2, 3)","(3, 5)",0.5,1.0,100.0,60.0,100.0,0.0063793202699125,0.0017022063659921,0.0063793202699125,-0.0071640425965513,0.4999999999999824,0.8285714285714287,0.4285714285714286,disorder,rand,2.0,8,0.12,0.0071640425965513,0.0036587305653292008
2,"(3, 5)","(2, 3)","(3, 5)",0.5,1.0,100.0,66.66666666666666,100.0,0.0341794325025446,0.006238965603018,0.0341794325025446,-0.0235299696833879,0.4999999999999986,0.7714285714285715,0.3714285714285715,disorder,rand,2.0,8,0.12,0.0235299696833879,0.0036587305653292008
3,"(3, 5)","(2, 3)","(3, 5)",0.5,1.0,100.0,86.66666666666667,100.0,0.0662355790003432,0.0086981888119417,0.0662355790003432,-0.0407762140090681,0.5000000000000002,0.7714285714285715,0.3714285714285715,disorder,rand,2.0,8,0.12,0.0407762140090681,0.0036587305653292008
1,"(3, 5)","(2, 3)","(3, 5)",0.5,1.0,100.0,60.0,100.0,0.0148963177293826,0.0046268785202602,0.0148963177293826,-0.0194505954867409,0.5000000000000182,0.6,0.4285714285714286,disorder,rand,2.0,8,0.2,0.0194505954867409,0.012250915450187454
2,"(3, 5)","(2, 3)","(3, 5)",0.5,1.0,100.0,60.0,100.0,0.0770570384832658,0.0177539923371045,0.0770570384832658,-0.055221223488951,0.5000000000000105,0.6,0.4285714285714286,disorder,rand,2.0,8,0.2,0.055221223488951,0.012250915450187454
3,"(3, 5)","(2, 3)","(3, 5)",0.5,1.0,100.0,86.66666666666667,100.0,0.1442856562673899,0.0280561161079076,0.1442856562673899,-0.092752716181931,0.4999999999999934,0.6,0.4285714285714286,disorder,rand,2.0,8,0.2,0.092752716181931,0.012250915450187454
1,"(3, 5)","(2, 3)","(3, 5)",0.5,1.0,100.0,86.66666666666667,100.0,0.0267182127274434,0.0089752452806529,0.0267182127274434,-0.0295684799676412,0.5000000000000034,0.6571428571428573,0.4857142857142857,disorder,rand,2.0,8,0.3,0.0295684799676412,0.023952175097472994
2,"(3, 5)","(2, 3)","(3, 5)",0.5,1.0,100.0,86.66666666666667,100.0,0.1192425025777454,0.0413619160291445,0.1192425025777454,-0.0736183138789652,0.500000000000004,0.6,0.4857142857142857,disorder,rand,2.0,8,0.3,0.0736183138789652,0.023952175097472994
3,"(3, 5)","(2, 3)","(3, 5)",0.5,1.0,100.0,93.33333333333331,100.0,0.213275734622278,0.0767321055143133,0.213275734622278,-0.1281932913911017,0.4999999999999992,0.6,0.4857142857142857,disorder,rand,2.0,8,0.3,0.1281932913911017,0.023952175097472994
1,"(3, 5)","(2, 3)","(3, 5)",0.5,1.0,86.66666666666667,93.33333333333331,86.66666666666667,0.0411340372155244,0.0118017991714902,0.0411340372155244,-0.0294882517752836,0.4999999999999952,0.6,0.4857142857142857,disorder,rand,2.0,8,0.4,0.0294882517752836,0.02361725772438298
2,"(3, 5)","(2, 3)","(3, 5)",0.5,1.0,86.66666666666667,100.0,86.66666666666667,0.158970634970148,0.0597002272451036,0.158970634970148,-0.08531093883939,0.5000000000000004,0.6,0.4857142857142857,disorder,rand,2.0,8,0.4,0.08531093883939,0.02361725772438298
3,"(3, 5)","(2, 3)","(3, 5)",0.5,1.0,93.33333333333331,100.0,93.33333333333331,0.2757582362921473,0.1199376925966166,0.2757582362921473,-0.1611510531916908,0.4999999999999989,0.8285714285714287,0.4857142857142857,disorder,rand,2.0,8,0.4,0.1611510531916908,0.02361725772438298
1,"(1, 2)","(2, 3)","(3, 5)",0.5,0.0,100.0,46.666666666666664,40.0,-0.0027800391236465,0.0034760565470803,0.0049535644401377,-0.013870256474229,0.4999999999999966,0.8285714285714287,-0.3714285714285715,disorder,rand,2.0,9,0.12,0.013870256474229,0.014568337524773598
2,"(1, 2)","(2, 3)","(3, 5)",0.5,0.0,100.0,46.666666666666664,40.0,-0.0070227671149092,0.0115674211715011,0.0165545950923793,-0.0272165280418439,0.5000000000000095,0.8285714285714287,-0.2,disorder,rand,2.0,9,0.12,0.0272165280418439,0.014568337524773598
3,"(1, 2)","(2, 3)","(1, 3)",0.5,0.5,100.0,46.666666666666664,73.33333333333333,-0.0040947832387472,0.0106573666685139,0.0242251315063424,-0.0415866709052901,0.4999999999999931,0.4857142857142857,0.0285714285714285,disorder,rand,2.0,9,0.12,0.0415866709052901,0.014568337524773598
1,"(2, 3)","(2, 3)","(3, 5)",1.0,0.5,46.666666666666664,46.666666666666664,40.0,0.0050960166899449,0.0050960166899449,0.0100448238321452,0.0027103070819753,0.5930808633929421,0.942857142857143,-0.0857142857142857,disorder,rand,2.0,9,0.2,-0.0027103070819753,-0.00643746059918927
2,"(2, 3)","(2, 3)","(3, 5)",1.0,0.5,66.66666666666666,66.66666666666666,40.0,0.0251320326371295,0.0251320326371295,0.0353212681697879,-0.005221118672225,0.777359497468333,0.6571428571428573,0.1428571428571428,disorder,rand,2.0,9,0.2,0.005221118672225,-0.00643746059918927
3,"(2, 3)","(2, 3)","(1, 3)",1.0,0.5,66.66666666666666,66.66666666666666,73.33333333333333,0.0473287480356598,0.0473287480356598,0.0598492596987432,-0.0185874815817173,0.816785795147071,0.6,0.3142857142857143,disorder,rand,2.0,9,0.2,0.0185874815817173,-0.00643746059918927
1,"(2, 3)","(2, 3)","(3, 5)",1.0,0.5,93.33333333333331,93.33333333333331,26.666666666666668,0.0037180009979298,0.0037180009979298,0.013782011649125,-0.0213866021207915,0.6040574702515813,0.5428571428571429,0.0285714285714285,disorder,rand,2.0,9,0.3,0.0213866021207915,0.012965811965644475
2,"(2, 3)","(2, 3)","(1, 3)",1.0,0.5,100.0,100.0,46.666666666666664,0.0408819668321991,0.0408819668321991,0.0604902380411398,-0.0693514318782595,0.5000000000000032,0.5428571428571429,0.4285714285714286,disorder,rand,2.0,9,0.3,0.0693514318782595,0.012965811965644475
3,"(2, 3)","(2, 3)","(1, 3)",1.0,0.5,100.0,100.0,46.666666666666664,0.1163080901273283,0.1163080901273283,0.1296826053756039,-0.1304376480974221,0.5000000000000021,0.5428571428571429,0.6571428571428573,disorder,rand,2.0,9,0.3,0.1304376480974221,0.012965811965644475
1,"(2, 3)","(2, 3)","(1, 3)",1.0,0.5,100.0,100.0,46.666666666666664,0.0019714790888203,0.0019714790888203,0.016219721214552,-0.0490254990036961,0.4999999999999959,0.4285714285714286,0.1428571428571428,disorder,rand,2.0,9,0.4,0.0490254990036961,0.038004021595759246
2,"(2, 3)","(2, 3)","(1, 3)",1.0,0.5,100.0,100.0,66.66666666666666,0.0719438415930007,0.0719438415930007,0.0839174111218243,-0.1326985651000256,0.4999999999999973,0.6,0.6571428571428573,disorder,rand,2.0,9,0.4,0.1326985651000256,0.038004021595759246
3,"(2, 3)","(2, 3)","(2, 3)",1.0,1.0,100.0,100.0,100.0,0.2014715333497341,0.2014715333497341,0.2014715333497341,-0.2241598771905875,0.4999999999999989,0.8857142857142858,0.7714285714285715,disorder,rand,2.0,9,0.4,0.2241598771905875,0.038004021595759246
