tau,J_over_U,overlap_fi_geo,C_S_burn,D_S,D_S_geo,off_sel_frac,pct_fi,pct_geo,pct_dopt,dopt_eq_fi,sp_Fi_drain,D_S_neg,setting,pattern,strength,realization
1,0.12,0.5,0.0163467945204532,0.0520434078514513,0.046735022395936,0.4999999999999979,93.33333333333331,60.0,93.33333333333331,1,0.7714285714285715,,disorder,rand,0.5,0
2,0.12,0.5,0.0163467945204532,0.147749944744634,0.1369274645144724,0.4999999999999988,86.66666666666667,60.0,86.66666666666667,1,0.8857142857142858,,disorder,rand,0.5,0
3,0.12,0.5,0.0163467945204532,0.2483023244024254,0.2315428629544933,0.4999999999999996,86.66666666666667,80.0,86.66666666666667,1,0.942857142857143,-0.1192037221265491,disorder,rand,0.5,0
1,0.2,1.0,0.0343080264196624,0.1014149208791447,0.1014149208791447,0.5000000000000008,66.66666666666666,66.66666666666666,66.66666666666666,1,0.942857142857143,,disorder,rand,0.5,0
2,0.2,1.0,0.0343080264196624,0.2739262457527589,0.2739262457527589,0.5000000000000003,80.0,80.0,80.0,1,0.942857142857143,,disorder,rand,0.5,0
3,0.2,1.0,0.0343080264196624,0.4351786255306985,0.4351786255306985,0.5000000000000004,93.33333333333331,93.33333333333331,93.33333333333331,1,0.942857142857143,-0.2033853112067006,disorder,rand,0.5,0
1,0.3,1.0,0.0547642709806663,0.1534918546361017,0.1534918546361017,0.5000000000000002,86.66666666666667,86.66666666666667,86.66666666666667,1,1.0,,disorder,rand,0.5,0
2,0.3,1.0,0.0547642709806663,0.3908914016280784,0.3908914016280784,0.5000000000000003,86.66666666666667,86.66666666666667,86.66666666666667,1,1.0,,disorder,rand,0.5,0
3,0.3,1.0,0.0547642709806663,0.5749808633619842,0.5749808633619842,0.4999999999999999,100.0,100.0,100.0,1,1.0,-0.2636506288940878,disorder,rand,0.5,0
1,0.4,1.0,0.0620521559394225,0.1889104523068072,0.1889104523068072,0.4999999999999998,86.66666666666667,86.66666666666667,86.66666666666667,1,1.0,,disorder,rand,0.5,0
2,0.4,1.0,0.0620521559394225,0.4496927347093303,0.4496927347093303,0.4999999999999999,93.33333333333331,93.33333333333331,93.33333333333331,1,1.0,,disorder,rand,0.5,0
3,0.4,1.0,0.0620521559394225,0.5939763302663252,0.5939763302663252,0.5,100.0,100.0,100.0,1,1.0,-0.2874470910391257,disorder,rand,0.5,0
1,0.12,0.5,0.0058804038334363,0.0268475345118768,0.0078241185263686,0.6593987679594385,60.0,20.0,100.0,0,0.6,,disorder,rand,0.5,1
2,0.12,0.5,0.0058804038334363,0.0812669874524169,0.0394033617514767,0.6175095847151443,46.666666666666664,20.0,40.0,0,0.7142857142857143,,disorder,rand,0.5,1
3,0.12,0.5,0.0058804038334363,0.1457437405549233,0.0781426025728856,0.599487025573825,53.333333333333336,20.0,100.0,0,0.6571428571428573,-0.1140152915060781,disorder,rand,0.5,1
1,0.2,0.5,0.0030807203455287,0.0494103288633927,0.0184101858810119,0.643629134083107,46.666666666666664,20.0,26.666666666666668,0,0.8285714285714287,,disorder,rand,0.5,1
2,0.2,0.5,0.0030807203455287,0.1536577896120995,0.0790960117934441,0.5983729564016543,46.666666666666664,20.0,26.666666666666668,0,0.8285714285714287,,disorder,rand,0.5,1
3,0.2,0.5,0.0030807203455287,0.2568867989744652,0.1446529034148777,0.5835369521042527,46.666666666666664,20.0,100.0,0,0.7714285714285715,-0.239883654563166,disorder,rand,0.5,1
1,0.3,0.0,0.0149208459109506,0.0597196983069892,0.0378305342255379,0.5949764194967979,26.666666666666668,13.333333333333334,26.666666666666668,1,1.0,,disorder,rand,0.5,1
2,0.3,0.0,0.0149208459109506,0.1632909471327537,0.1367902042280821,0.5643244321571212,26.666666666666668,13.333333333333334,26.666666666666668,1,0.942857142857143,,disorder,rand,0.5,1
3,0.3,0.0,0.0149208459109506,0.2505660475254674,0.2189009228014151,0.5562226422971608,26.666666666666668,13.333333333333334,100.0,0,0.8285714285714287,-0.1505424384552242,disorder,rand,0.5,1
1,0.4,0.0,0.0160402307111378,0.070759723231594,0.0752882316865189,0.5092304593136263,13.333333333333334,20.0,40.0,0,0.7142857142857143,,disorder,rand,0.5,1
2,0.4,0.0,0.0160402307111378,0.1755505394292451,0.2131624330104339,0.505606021161819,13.333333333333334,20.0,40.0,0,0.942857142857143,,disorder,rand,0.5,1
3,0.4,0.0,0.0160402307111378,0.2488581621058105,0.28692668766084,0.5042189557247301,20.0,46.666666666666664,100.0,0,0.7142857142857143,-0.1777059878330359,disorder,rand,0.5,1
1,0.12,1.0,0.0054288317231667,0.0366638192484755,0.0366638192484755,0.5000000000000004,66.66666666666666,66.66666666666666,40.0,0,0.8857142857142858,,disorder,rand,0.5,2
2,0.12,1.0,0.0054288317231667,0.1054254455436529,0.1054254455436529,0.5000000000000009,53.333333333333336,53.333333333333336,40.0,0,0.6,,disorder,rand,0.5,2
3,0.12,1.0,0.0054288317231667,0.1722793889399575,0.1722793889399575,0.5000000000000004,53.333333333333336,53.333333333333336,46.666666666666664,0,0.6,-0.1678150529943726,disorder,rand,0.5,2
1,0.2,0.5,0.0120259395173422,0.0565417714762863,0.0661712232316281,0.5503189192600318,40.0,60.0,100.0,0,0.8285714285714287,,disorder,rand,0.5,2
2,0.2,0.5,0.0120259395173422,0.1721203765032758,0.1797301815431788,0.5157806995910763,46.666666666666664,66.66666666666666,100.0,0,0.8285714285714287,,disorder,rand,0.5,2
3,0.2,0.5,0.0120259395173422,0.2958537401164256,0.2688140211214588,0.4999999999999999,66.66666666666666,60.0,100.0,0,0.8285714285714287,-0.1606132056498714,disorder,rand,0.5,2
1,0.3,0.0,0.0181526311162714,0.1791096031976116,0.1043662137307955,0.5000000000000001,100.0,66.66666666666666,100.0,1,1.0,,disorder,rand,0.5,2
2,0.3,0.0,0.0181526311162714,0.4871569862334599,0.2589601221176586,0.5,100.0,66.66666666666666,100.0,1,1.0,,disorder,rand,0.5,2
3,0.3,0.0,0.0181526311162714,0.6624240616907303,0.3344622574772812,0.4999999999999999,100.0,60.0,100.0,1,1.0,-0.3250239365300011,disorder,rand,0.5,2
1,0.4,0.0,0.0197783215376261,0.2389131785768268,0.1319681244744635,0.5000000000000003,100.0,66.66666666666666,100.0,1,1.0,,disorder,rand,0.5,2
2,0.4,0.0,0.0197783215376261,0.5581985058727075,0.2936585048063228,0.5000000000000001,100.0,60.0,100.0,1,1.0,,disorder,rand,0.5,2
3,0.4,0.0,0.0197783215376261,0.5884297199167872,0.3251884185929791,0.5000000000000002,100.0,53.333333333333336,100.0,1,0.942857142857143,-0.2166851076811977,disorder,rand,0.5,2
1,0.12,0.0,0.0046558753626265,0.0076188083085966,-0.0030193138730507,0.5771339958239798,26.666666666666668,6.666666666666667,100.0,0,0.7142857142857143,,disorder,rand,0.5,3
2,0.12,0.0,0.0046558753626265,0.0202254027627427,0.0073836051948375,0.5707837053851733,13.333333333333334,6.666666666666667,100.0,0,0.7142857142857143,,disorder,rand,0.5,3
3,0.12,0.0,0.0046558753626265,0.0362551012276218,0.0128610945208617,0.571420973855549,13.333333333333334,6.666666666666667,100.0,0,0.7142857142857143,0.0026645553693775,disorder,rand,0.5,3
1,0.2,0.0,0.0244451921712928,0.1112918453414916,0.0010405806911073,0.4999999999999998,100.0,6.666666666666667,26.666666666666668,0,0.8285714285714287,,disorder,rand,0.5,3
2,0.2,0.0,0.0244451921712928,0.3197145640855461,0.0341227125529269,0.5,100.0,6.666666666666667,26.666666666666668,0,0.8285714285714287,,disorder,rand,0.5,3
3,0.2,0.0,0.0244451921712928,0.5209118878549849,0.0514366273563105,0.5000000000000006,100.0,6.666666666666667,100.0,1,0.942857142857143,-0.3160795969460326,disorder,rand,0.5,3
1,0.3,0.0,0.0171829104375598,0.0547188844855298,0.0311472047859439,0.5851582178562332,26.666666666666668,6.666666666666667,26.666666666666668,1,0.942857142857143,,disorder,rand,0.5,3
2,0.3,0.0,0.0171829104375598,0.1529806358638143,0.1107757444088022,0.5602514878518138,26.666666666666668,13.333333333333334,26.666666666666668,1,0.942857142857143,,disorder,rand,0.5,3
3,0.3,0.0,0.0171829104375598,0.2488718519545436,0.1483586141209385,0.5545490538728365,26.666666666666668,6.666666666666667,26.666666666666668,1,1.0,-0.0873102723514797,disorder,rand,0.5,3
1,0.4,0.0,0.0181998521950787,0.0686897571559777,0.0707239349040423,0.5011254016139302,13.333333333333334,26.666666666666668,100.0,0,0.7142857142857143,,disorder,rand,0.5,3
2,0.4,0.0,0.0181998521950787,0.1748102035687839,0.1893530856655827,0.5000000000000001,13.333333333333334,20.0,13.333333333333334,1,0.942857142857143,,disorder,rand,0.5,3
3,0.4,0.0,0.0181998521950787,0.2604196420327308,0.225835947584603,0.5000000000000002,46.666666666666664,26.666666666666668,46.666666666666664,1,0.942857142857143,-0.1147055737300934,disorder,rand,0.5,3
1,0.12,0.5,-0.0031364992678214,0.0409387014567464,0.0157381050869386,0.5438565506218801,66.66666666666666,40.0,80.0,0,0.3714285714285715,,disorder,rand,0.5,4
2,0.12,0.5,-0.0031364992678214,0.1371350908956779,0.0572935141475303,0.5219310565402516,80.0,40.0,66.66666666666666,0,0.6571428571428573,,disorder,rand,0.5,4
3,0.12,0.5,-0.0031364992678214,0.2415742498360312,0.1062422349140022,0.5158100487041565,80.0,33.33333333333333,66.66666666666666,0,0.6571428571428573,-0.2488409322854924,disorder,rand,0.5,4
1,0.2,0.5,0.0302317548013415,0.0804639965818388,0.0348154283743648,0.5285934426317244,73.33333333333333,33.33333333333333,73.33333333333333,1,0.4857142857142857,,disorder,rand,0.5,4
2,0.2,0.5,0.0302317548013415,0.2247878907451324,0.1162095698109614,0.5150165895188077,66.66666666666666,20.0,66.66666666666666,1,0.6571428571428573,,disorder,rand,0.5,4
3,0.2,0.5,0.0302317548013415,0.3745111807288421,0.1975561774767695,0.5102970905956199,80.0,33.33333333333333,80.0,1,0.6571428571428573,-0.1853040700022435,disorder,rand,0.5,4
1,0.3,0.5,0.0328671866936587,0.1068920321981222,0.0684203562744453,0.5080633056367696,60.0,33.33333333333333,60.0,1,0.4285714285714286,,disorder,rand,0.5,4
2,0.3,0.5,0.0328671866936587,0.2927306236648279,0.1937035710084415,0.5053596629474372,60.0,26.666666666666668,60.0,1,0.7714285714285715,,disorder,rand,0.5,4
3,0.3,0.5,0.0328671866936587,0.450743215724494,0.2870589124728667,0.5012761656689584,86.66666666666667,40.0,86.66666666666667,1,0.8285714285714287,-0.2468734029157108,disorder,rand,0.5,4
1,0.4,0.5,0.0270655256150955,0.1278622069479844,0.1048483861080069,0.4999999999999995,60.0,33.33333333333333,60.0,1,0.5428571428571429,,disorder,rand,0.5,4
2,0.4,0.5,0.0270655256150955,0.3353726067282434,0.2613401563320245,0.4999999999999998,73.33333333333333,40.0,73.33333333333333,1,0.942857142857143,,disorder,rand,0.5,4
3,0.4,0.5,0.0270655256150955,0.45858149128475,0.335678027523313,0.4999999999999996,93.33333333333331,66.66666666666666,100.0,0,0.8857142857142858,-0.2469000256808248,disorder,rand,0.5,4
1,0.12,0.5,-0.0051205920841376,0.0250249030751561,0.0186802197442499,0.4467131119980992,66.66666666666666,33.33333333333333,100.0,0,0.8285714285714287,,disorder,rand,0.5,5
2,0.12,0.5,-0.0051205920841376,0.0831771338472239,0.0705845420677408,0.5000000000000002,60.0,40.0,100.0,0,0.8285714285714287,,disorder,rand,0.5,5
3,0.12,0.5,-0.0051205920841376,0.1403417051116136,0.1356833975485344,0.4999999999999991,60.0,53.333333333333336,100.0,0,0.8285714285714287,-0.1988228325084355,disorder,rand,0.5,5
1,0.2,0.5,-0.0058734321047211,0.0596597795884664,0.054083419074153,0.4999999999999995,53.333333333333336,40.0,100.0,0,0.8285714285714287,,disorder,rand,0.5,5
2,0.2,0.5,-0.0058734321047211,0.1864525086656051,0.1719927475704751,0.4999999999999997,66.66666666666666,40.0,100.0,0,0.8285714285714287,,disorder,rand,0.5,5
3,0.2,0.5,-0.0058734321047211,0.2928435005455836,0.2962445142976432,0.4999999999999997,60.0,66.66666666666666,100.0,0,0.8285714285714287,-0.3556345093831964,disorder,rand,0.5,5
1,0.3,0.5,0.0156941047782058,0.1901575453827645,0.0971314852401857,0.5000000000000001,100.0,46.666666666666664,100.0,1,0.942857142857143,,disorder,rand,0.5,5
2,0.3,0.5,0.0156941047782058,0.4600353852913625,0.2716738102205069,0.5000000000000001,100.0,66.66666666666666,100.0,1,0.942857142857143,,disorder,rand,0.5,5
3,0.3,0.5,0.0156941047782058,0.5517672806014977,0.411202007805595,0.5000000000000002,93.33333333333331,80.0,93.33333333333331,1,0.942857142857143,-0.3624605934892541,disorder,rand,0.5,5
1,0.4,0.5,0.02963686317725,0.2416944245169715,0.1357222878841541,0.5,100.0,60.0,100.0,1,0.8857142857142858,,disorder,rand,0.5,5
2,0.4,0.5,0.02963686317725,0.4667787493676045,0.3395576557237612,0.5000000000000002,100.0,73.33333333333333,100.0,1,0.942857142857143,,disorder,rand,0.5,5
3,0.4,0.5,0.02963686317725,0.4452124693822605,0.4525468856297524,0.4999999999999999,86.66666666666667,93.33333333333331,86.66666666666667,1,1.0,-0.2497754391218627,disorder,rand,0.5,5
1,0.12,1.0,0.0008693865335914,0.0277567810068977,0.0277567810068977,0.6396848162940961,40.0,40.0,100.0,0,0.3142857142857143,,disorder,rand,0.5,6
2,0.12,1.0,0.0008693865335914,0.0910639304398872,0.0910639304398872,0.5871191884276014,40.0,40.0,100.0,0,0.3142857142857143,,disorder,rand,0.5,6
3,0.12,1.0,0.0008693865335914,0.1620808781608189,0.1620808781608189,0.5674753753484416,33.33333333333333,33.33333333333333,100.0,0,0.3142857142857143,-0.1634570497138537,disorder,rand,0.5,6
1,0.2,1.0,0.0063935165464804,0.0624546006733565,0.0624546006733565,0.5327968999120939,53.333333333333336,53.333333333333336,60.0,0,0.6571428571428573,,disorder,rand,0.5,6
2,0.2,1.0,0.0063935165464804,0.1870222172383191,0.1870222172383191,0.5024843582461246,46.666666666666664,46.666666666666664,60.0,0,0.6571428571428573,,disorder,rand,0.5,6
3,0.2,1.0,0.0063935165464804,0.3023222869244788,0.3023222869244788,0.5,53.333333333333336,53.333333333333336,60.0,0,0.6571428571428573,-0.2779270269838862,disorder,rand,0.5,6
1,0.3,1.0,0.0231170292086148,0.1122116541645806,0.1122116541645806,0.4999999999999994,60.0,60.0,60.0,1,1.0,,disorder,rand,0.5,6
2,0.3,1.0,0.0231170292086148,0.2959061231335321,0.2959061231335321,0.4999999999999997,60.0,60.0,46.666666666666664,0,0.942857142857143,,disorder,rand,0.5,6
3,0.3,1.0,0.0231170292086148,0.4247822215133331,0.4247822215133331,0.4999999999999999,66.66666666666666,66.66666666666666,53.333333333333336,0,0.8285714285714287,-0.3486814611421681,disorder,rand,0.5,6
1,0.4,1.0,0.0343484492002922,0.1502781113518493,0.1502781113518493,0.5000000000000008,66.66666666666666,66.66666666666666,66.66666666666666,1,1.0,,disorder,rand,0.5,6
2,0.4,1.0,0.0343484492002922,0.3591434515270874,0.3591434515270874,0.5000000000000002,73.33333333333333,73.33333333333333,73.33333333333333,1,1.0,,disorder,rand,0.5,6
3,0.4,1.0,0.0343484492002922,0.4582475729559332,0.4582475729559332,0.4999999999999999,100.0,100.0,60.0,0,0.7714285714285715,-0.3776234150395142,disorder,rand,0.5,6
1,0.12,0.0,0.0232367449619537,0.0695168221068506,-0.0054186797139736,0.500000000000002,100.0,6.666666666666667,100.0,1,0.942857142857143,,disorder,rand,0.5,7
2,0.12,0.0,0.0232367449619537,0.1973208118571708,0.0053558529071296,0.5000000000000004,100.0,6.666666666666667,100.0,1,0.942857142857143,,disorder,rand,0.5,7
3,0.12,0.0,0.0232367449619537,0.3387893395523381,0.0162813277629964,0.5000000000000004,100.0,6.666666666666667,100.0,1,0.942857142857143,-0.1600461442365655,disorder,rand,0.5,7
1,0.2,0.0,0.0245616572158887,0.0514809192076077,-0.0009829710184887,0.6437828766583186,46.666666666666664,6.666666666666667,46.666666666666664,1,0.942857142857143,,disorder,rand,0.5,7
2,0.2,0.0,0.0245616572158887,0.1409274647352449,0.0392322604521524,0.6158438146121992,33.33333333333333,13.333333333333334,33.33333333333333,1,0.942857142857143,,disorder,rand,0.5,7
3,0.2,0.0,0.0245616572158887,0.2431941195946209,0.0756526377944355,0.6036181707098609,53.333333333333336,13.333333333333334,100.0,0,0.8857142857142858,-0.0651422673640583,disorder,rand,0.5,7
1,0.3,0.0,0.0248137922943042,0.0731947790560156,0.0381219629637202,0.5610049379859411,33.33333333333333,20.0,33.33333333333333,1,0.942857142857143,,disorder,rand,0.5,7
2,0.3,0.0,0.0248137922943042,0.1952428314683215,0.1383781623001049,0.5425706551720639,33.33333333333333,20.0,33.33333333333333,1,0.942857142857143,,disorder,rand,0.5,7
3,0.3,0.0,0.0248137922943042,0.3039835172327321,0.2017910686865336,0.53569234091797,33.33333333333333,13.333333333333334,33.33333333333333,1,0.942857142857143,-0.1297400617523977,disorder,rand,0.5,7
1,0.4,0.0,0.0234908877249508,0.0885943824944379,0.0858375577671258,0.5000000000000009,33.33333333333333,26.666666666666668,60.0,0,0.7714285714285715,,disorder,rand,0.5,7
2,0.4,0.0,0.0234908877249508,0.2211365783711668,0.2278862884212786,0.5000000000000006,26.666666666666668,33.33333333333333,26.666666666666668,1,0.942857142857143,,disorder,rand,0.5,7
3,0.4,0.0,0.0234908877249508,0.3224986681876225,0.2825336475089762,0.5000000000000001,66.66666666666666,40.0,66.66666666666666,1,1.0,-0.1563574419122199,disorder,rand,0.5,7
1,0.12,0.5,0.0035954898833587,0.0249098395552269,0.0064437032236475,0.6830712637138997,40.0,13.333333333333334,100.0,0,0.8285714285714287,,disorder,rand,0.5,8
2,0.12,0.5,0.0035954898833587,0.0760196885976848,0.037885803809,0.6437784401819022,40.0,20.0,100.0,0,0.8285714285714287,,disorder,rand,0.5,8
3,0.12,0.5,0.0035954898833587,0.1338796484842411,0.0760565677107734,0.6318229759681864,33.33333333333333,20.0,100.0,0,0.942857142857143,-0.1215329680447503,disorder,rand,0.5,8
1,0.2,0.5,0.0055188736708757,0.0557895902055488,0.0257468289631191,0.6023201065226884,46.666666666666664,20.0,26.666666666666668,0,0.8285714285714287,,disorder,rand,0.5,8
2,0.2,0.5,0.0055188736708757,0.1695482731988273,0.1004979349610705,0.5730419487401992,40.0,20.0,40.0,1,0.942857142857143,,disorder,rand,0.5,8
3,0.2,0.5,0.0055188736708757,0.2784923577651793,0.1749511825378012,0.5654615179485384,46.666666666666664,20.0,46.666666666666664,1,0.942857142857143,-0.2547861314535826,disorder,rand,0.5,8
1,0.3,0.5,0.0128667113456571,0.1016681509984955,0.0623114761202544,0.5036262218865499,46.666666666666664,20.0,46.666666666666664,1,0.7714285714285715,,disorder,rand,0.5,8
2,0.3,0.5,0.0128667113456571,0.2802826238004525,0.1907901599035538,0.5000000000000004,53.333333333333336,33.33333333333333,53.333333333333336,1,0.7714285714285715,,disorder,rand,0.5,8
3,0.3,0.5,0.0128667113456571,0.4050573033456077,0.2874961226992253,0.5000000000000002,66.66666666666666,33.33333333333333,26.666666666666668,0,0.8857142857142858,-0.3388780924009694,disorder,rand,0.5,8
1,0.4,0.0,0.0208330466618835,0.0878531023185131,0.1018528843095752,0.5000000000000008,26.666666666666668,40.0,66.66666666666666,0,0.942857142857143,,disorder,rand,0.5,8
2,0.4,0.0,0.0208330466618835,0.2157162791217484,0.2664867488507534,0.4999999999999999,26.666666666666668,33.33333333333333,86.66666666666667,0,0.942857142857143,,disorder,rand,0.5,8
3,0.4,0.0,0.0208330466618835,0.3070522211250572,0.3491599510898248,0.4999999999999999,40.0,66.66666666666666,40.0,1,1.0,-0.1871531118286014,disorder,rand,0.5,8
1,0.12,1.0,0.0171715387249249,0.0399283095829454,0.0399283095829454,0.5029555868271767,66.66666666666666,66.66666666666666,66.66666666666666,1,0.6,,disorder,rand,0.5,9
2,0.12,1.0,0.0171715387249249,0.1159793307485282,0.1159793307485282,0.4999999999999997,66.66666666666666,66.66666666666666,66.66666666666666,1,0.942857142857143,,disorder,rand,0.5,9
3,0.12,1.0,0.0171715387249249,0.2120527648265182,0.2120527648265182,0.5000000000000007,66.66666666666666,66.66666666666666,66.66666666666666,1,0.6571428571428573,-0.0614821018327181,disorder,rand,0.5,9
1,0.2,1.0,0.0276406416993165,0.0737870179358278,0.0737870179358278,0.4999999999999986,66.66666666666666,66.66666666666666,66.66666666666666,1,0.942857142857143,,disorder,rand,0.5,9
2,0.2,1.0,0.0276406416993165,0.2107980967511447,0.2107980967511447,0.4999999999999993,66.66666666666666,66.66666666666666,66.66666666666666,1,0.8857142857142858,,disorder,rand,0.5,9
3,0.2,1.0,0.0276406416993165,0.3639927568237094,0.3639927568237094,0.4999999999999996,73.33333333333333,73.33333333333333,73.33333333333333,1,0.7714285714285715,-0.1265073050699965,disorder,rand,0.5,9
1,0.3,1.0,0.0348952496065507,0.1093728167870333,0.1093728167870333,0.4999999999999999,53.333333333333336,53.333333333333336,53.333333333333336,1,1.0,,disorder,rand,0.5,9
2,0.3,1.0,0.0348952496065507,0.296431641942514,0.296431641942514,0.4999999999999997,66.66666666666666,66.66666666666666,66.66666666666666,1,1.0,,disorder,rand,0.5,9
3,0.3,1.0,0.0348952496065507,0.4622639518577329,0.4622639518577329,0.4999999999999999,86.66666666666667,86.66666666666667,86.66666666666667,1,0.942857142857143,-0.1842020445180597,disorder,rand,0.5,9
1,0.4,0.5,0.0191412790978969,0.2035197672149677,0.1373732398393015,0.4999999999999999,93.33333333333331,53.333333333333336,53.333333333333336,0,0.8285714285714287,,disorder,rand,0.5,9
2,0.4,0.5,0.0191412790978969,0.4150020583835379,0.3435366828488447,0.4999999999999996,100.0,66.66666666666666,66.66666666666666,0,0.942857142857143,,disorder,rand,0.5,9
3,0.4,0.5,0.0191412790978969,0.4253433549289017,0.475653856252434,0.5000000000000001,80.0,100.0,80.0,1,1.0,-0.1502177818315258,disorder,rand,0.5,9
1,0.12,1.0,-0.007691971107027,0.0275948278770868,0.0275948278770868,0.4848285383289396,53.333333333333336,53.333333333333336,100.0,0,0.6571428571428573,,disorder,rand,1.0,0
2,0.12,1.0,-0.007691971107027,0.0955656768267336,0.0955656768267336,0.5000000000000001,66.66666666666666,66.66666666666666,100.0,0,0.6571428571428573,,disorder,rand,1.0,0
3,0.12,1.0,-0.007691971107027,0.162438363194671,0.162438363194671,0.5000000000000003,66.66666666666666,66.66666666666666,100.0,0,0.8285714285714287,-0.2405437578382936,disorder,rand,1.0,0
1,0.2,1.0,-0.0025518247204857,0.0696777250273087,0.0696777250273087,0.4999999999999991,66.66666666666666,66.66666666666666,60.0,0,0.7142857142857143,,disorder,rand,1.0,0
2,0.2,1.0,-0.0025518247204857,0.2153407660925066,0.2153407660925066,0.5,66.66666666666666,66.66666666666666,66.66666666666666,1,0.8857142857142858,,disorder,rand,1.0,0
3,0.2,1.0,-0.0025518247204857,0.3411063674653514,0.3411063674653514,0.5000000000000001,80.0,80.0,80.0,1,0.8857142857142858,-0.4020363688807394,disorder,rand,1.0,0
1,0.3,1.0,0.0108687541351533,0.1286607463839141,0.1286607463839141,0.5000000000000014,66.66666666666666,66.66666666666666,66.66666666666666,1,1.0,,disorder,rand,1.0,0
2,0.3,1.0,0.0108687541351533,0.3551018650486836,0.3551018650486836,0.4999999999999998,80.0,80.0,80.0,1,1.0,,disorder,rand,1.0,0
3,0.3,1.0,0.0108687541351533,0.4973046693163609,0.4973046693163609,0.4999999999999997,93.33333333333331,93.33333333333331,93.33333333333331,1,0.942857142857143,-0.4714477251000801,disorder,rand,1.0,0
1,0.4,1.0,0.0215197857507169,0.178209934442473,0.178209934442473,0.5000000000000002,80.0,80.0,80.0,1,1.0,,disorder,rand,1.0,0
2,0.4,1.0,0.0215197857507169,0.4442703921505772,0.4442703921505772,0.4999999999999996,100.0,100.0,100.0,1,0.942857142857143,,disorder,rand,1.0,0
3,0.4,1.0,0.0215197857507169,0.5450187448257536,0.5450187448257536,0.5000000000000006,100.0,100.0,86.66666666666667,0,0.8857142857142858,-0.4236595516369276,disorder,rand,1.0,0
1,0.12,0.5,0.002337653090916,0.0255824855893965,0.0236371614136511,0.6301422153280033,60.0,66.66666666666666,100.0,0,0.6,,disorder,rand,1.0,1
2,0.12,0.5,0.002337653090916,0.0861933979782202,0.0720972114048181,0.6213163461221637,53.333333333333336,66.66666666666666,100.0,0,0.6,,disorder,rand,1.0,1
3,0.12,0.5,0.002337653090916,0.1605341451031843,0.1309765384086728,0.6017571265528865,60.0,53.333333333333336,100.0,0,0.6,-0.1472371272177126,disorder,rand,1.0,1
1,0.2,0.5,0.0041276531761345,0.0540699440430629,0.035498576757481,0.6246026278038047,46.666666666666664,26.666666666666668,46.666666666666664,1,0.942857142857143,,disorder,rand,1.0,1
2,0.2,0.5,0.0041276531761345,0.1697963528349889,0.1146717433181539,0.584641716190147,40.0,26.666666666666668,40.0,1,0.942857142857143,,disorder,rand,1.0,1
3,0.2,0.5,0.0041276531761345,0.2868476195466588,0.1988073395096743,0.5717700932042084,53.333333333333336,26.666666666666668,100.0,0,0.7142857142857143,-0.2715067398250185,disorder,rand,1.0,1
1,0.3,0.5,0.0089564050572096,0.0930818882349605,0.0625234580145992,0.5246538220315691,40.0,26.666666666666668,40.0,1,0.7714285714285715,,disorder,rand,1.0,1
2,0.3,0.5,0.0089564050572096,0.2640554461833345,0.1895663931582302,0.5118422972679051,40.0,26.666666666666668,40.0,1,0.8285714285714287,,disorder,rand,1.0,1
3,0.3,0.5,0.0089564050572096,0.3899754738068413,0.2919657258756793,0.4999999999999999,60.0,33.33333333333333,80.0,0,0.7714285714285715,-0.3581679806351074,disorder,rand,1.0,1
1,0.4,0.5,0.0192978956788989,0.1350280047539451,0.10276201942542,0.5000000000000004,53.333333333333336,40.0,53.333333333333336,1,0.8285714285714287,,disorder,rand,1.0,1
2,0.4,0.5,0.0192978956788989,0.3430347423503649,0.2684348297775986,0.5000000000000001,73.33333333333333,33.33333333333333,73.33333333333333,1,0.942857142857143,,disorder,rand,1.0,1
3,0.4,0.5,0.0192978956788989,0.4416399077167225,0.3610558290953255,0.5000000000000001,100.0,73.33333333333333,53.333333333333336,0,0.8857142857142858,-0.3541883986090141,disorder,rand,1.0,1
1,0.12,0.0,0.0067645173400724,0.017262537350738,0.0251681922487957,0.7515980019894417,26.666666666666668,53.333333333333336,100.0,0,0.7714285714285715,,disorder,rand,1.0,2
2,0.12,0.0,0.0067645173400724,0.0510127925579745,0.0766973369602449,0.6918228290783991,26.666666666666668,46.666666666666664,100.0,0,0.7714285714285715,,disorder,rand,1.0,2
3,0.12,0.0,0.0067645173400724,0.0931985199952321,0.135772575359668,0.6507256850711634,26.666666666666668,46.666666666666664,100.0,0,0.7714285714285715,-0.0166420673556046,disorder,rand,1.0,2
1,0.2,0.0,0.0131445251365968,0.0424299310010651,0.0571008743441394,0.6474013397728837,26.666666666666668,46.666666666666664,100.0,0,0.942857142857143,,disorder,rand,1.0,2
2,0.2,0.0,0.0131445251365968,0.1220208308948961,0.1707962455674966,0.5730068751577948,26.666666666666668,46.666666666666664,100.0,0,0.942857142857143,,disorder,rand,1.0,2
3,0.2,0.0,0.0131445251365968,0.2082218962916566,0.2844224679939296,0.5133588227423762,33.33333333333333,46.666666666666664,100.0,0,0.942857142857143,-0.0750799485995492,disorder,rand,1.0,2
1,0.3,0.5,0.031196575487641,0.2073485167028618,0.106981724369035,0.4999999999999991,100.0,53.333333333333336,100.0,1,0.942857142857143,,disorder,rand,1.0,2
2,0.3,0.5,0.031196575487641,0.4969320722918075,0.28455131657312,0.4999999999999996,100.0,60.0,100.0,1,0.942857142857143,,disorder,rand,1.0,2
3,0.3,0.5,0.031196575487641,0.6042121980678972,0.4134584408422467,0.4999999999999998,100.0,73.33333333333333,100.0,1,1.0,-0.3185646852892831,disorder,rand,1.0,2
1,0.4,0.5,0.0349775615409601,0.2617587208998578,0.1449093783769982,0.5000000000000001,100.0,53.333333333333336,100.0,1,0.942857142857143,,disorder,rand,1.0,2
2,0.4,0.5,0.0349775615409601,0.513615010278248,0.3458259466799032,0.5000000000000002,100.0,73.33333333333333,100.0,1,0.942857142857143,,disorder,rand,1.0,2
3,0.4,0.5,0.0349775615409601,0.5022978856319228,0.4449271682933852,0.4999999999999999,100.0,86.66666666666667,100.0,1,1.0,-0.1822545537882899,disorder,rand,1.0,2
1,0.12,0.5,0.0218273178016873,0.0439398551114893,0.0221723704102683,0.5265063905899616,73.33333333333333,46.666666666666664,73.33333333333333,1,0.4285714285714286,,disorder,rand,1.0,3
2,0.12,0.5,0.0218273178016873,0.1229605920842908,0.0670835327367051,0.5157213903096473,73.33333333333333,46.666666666666664,73.33333333333333,1,0.6,,disorder,rand,1.0,3
3,0.12,0.5,0.0218273178016873,0.222869195373083,0.1143555945130932,0.5119938853716971,86.66666666666667,53.333333333333336,86.66666666666667,1,0.6571428571428573,-0.0476136634470798,disorder,rand,1.0,3
1,0.2,0.5,0.0365825838616266,0.0796391956018234,0.0450471475725184,0.5236443668338304,66.66666666666666,46.666666666666664,66.66666666666666,1,0.5428571428571429,,disorder,rand,1.0,3
2,0.2,0.5,0.0365825838616266,0.2202652176388699,0.1373628858830513,0.5116751010108826,60.0,53.333333333333336,60.0,1,0.7142857142857143,,disorder,rand,1.0,3
3,0.2,0.5,0.0365825838616266,0.3792103224723165,0.2244581009169745,0.5061277701097061,86.66666666666667,46.666666666666664,86.66666666666667,1,0.8285714285714287,-0.1153538504492439,disorder,rand,1.0,3
1,0.3,0.5,0.035440794175241,0.1050601330461555,0.075805382656913,0.5027119606302287,60.0,53.333333333333336,60.0,1,0.7142857142857143,,disorder,rand,1.0,3
2,0.3,0.5,0.035440794175241,0.2926011463218365,0.2040523545149808,0.4999999999999997,60.0,46.666666666666664,60.0,1,0.8857142857142858,,disorder,rand,1.0,3
3,0.3,0.5,0.035440794175241,0.4662180026017974,0.2961259194469051,0.4999999999999998,86.66666666666667,46.666666666666664,86.66666666666667,1,0.8857142857142858,-0.1761294816004464,disorder,rand,1.0,3
1,0.4,0.5,0.0297737803685712,0.128637605557216,0.1032550516673615,0.4999999999999999,60.0,53.333333333333336,60.0,1,0.4857142857142857,,disorder,rand,1.0,3
2,0.4,0.5,0.0297737803685712,0.3435076223569283,0.2534508460443478,0.5000000000000001,80.0,46.666666666666664,80.0,1,0.8857142857142858,,disorder,rand,1.0,3
3,0.4,0.5,0.0297737803685712,0.4859428076473959,0.324939041366952,0.5000000000000001,86.66666666666667,66.66666666666666,86.66666666666667,1,0.942857142857143,-0.1764246532375937,disorder,rand,1.0,3
1,0.12,0.0,0.0010063437669195,0.0023557420349123,0.0224200400478351,0.3155043978284886,26.666666666666668,40.0,100.0,0,0.3142857142857143,,disorder,rand,1.0,4
2,0.12,0.0,0.0010063437669195,0.007141501564544,0.0664086405325861,0.3286210050675413,26.666666666666668,40.0,33.33333333333333,0,0.5428571428571429,,disorder,rand,1.0,4
3,0.12,0.0,0.0010063437669195,0.0136150239615463,0.0999272536162012,0.3323944514636283,26.666666666666668,40.0,100.0,0,0.7714285714285715,-0.0020285659169096,disorder,rand,1.0,4
1,0.2,0.0,0.0262471233517036,0.1133412030846272,0.0527713761770041,0.5000000000000002,93.33333333333331,53.333333333333336,33.33333333333333,0,0.7714285714285715,,disorder,rand,1.0,4
2,0.2,0.0,0.0262471233517036,0.3175929680813575,0.147090048262339,0.4999999999999997,100.0,53.333333333333336,33.33333333333333,0,0.8285714285714287,,disorder,rand,1.0,4
3,0.2,0.0,0.0262471233517036,0.5015308041246487,0.2123404513202264,0.4999999999999999,100.0,40.0,33.33333333333333,0,0.8285714285714287,-0.2666632440973615,disorder,rand,1.0,4
1,0.3,0.5,0.0201206835644157,0.0708155202276803,0.0912406503227472,0.5830755661041379,40.0,60.0,40.0,1,0.942857142857143,,disorder,rand,1.0,4
2,0.3,0.5,0.0201206835644157,0.1886011472446587,0.2375785827167318,0.562732069894307,46.666666666666664,60.0,46.666666666666664,1,1.0,,disorder,rand,1.0,4
3,0.3,0.5,0.0201206835644157,0.274177894352552,0.3246117722113822,0.5533910464092296,46.666666666666664,73.33333333333333,46.666666666666664,1,1.0,-0.013614303302635,disorder,rand,1.0,4
1,0.4,0.5,0.0261315311960367,0.1059034734462542,0.1261205562806268,0.5149973268097553,46.666666666666664,60.0,46.666666666666664,1,0.8857142857142858,,disorder,rand,1.0,4
2,0.4,0.5,0.0261315311960367,0.2589734914377688,0.3107141359872317,0.513129004071574,46.666666666666664,73.33333333333333,46.666666666666664,1,0.8857142857142858,,disorder,rand,1.0,4
3,0.4,0.5,0.0261315311960367,0.3303467102602768,0.382206905742035,0.4999999999999994,66.66666666666666,73.33333333333333,66.66666666666666,1,1.0,-0.0458764344735659,disorder,rand,1.0,4
1,0.12,0.5,0.013328057390792,0.0270352437398182,0.0358802839101153,0.4702178841706191,73.33333333333333,80.0,73.33333333333333,1,0.7714285714285715,,disorder,rand,1.0,5
2,0.12,0.5,0.013328057390792,0.0743022436264297,0.0979427154420878,0.5101778026926989,53.333333333333336,80.0,53.333333333333336,1,0.8285714285714287,,disorder,rand,1.0,5
3,0.12,0.5,0.013328057390792,0.1308346963262708,0.1718450941648246,0.509942676583273,60.0,80.0,60.0,1,0.7142857142857143,-0.0174984320934467,disorder,rand,1.0,5
1,0.2,0.5,0.0236845623966844,0.0534486275364816,0.0586449642111667,0.5000000000000002,53.333333333333336,60.0,53.333333333333336,1,0.942857142857143,,disorder,rand,1.0,5
2,0.2,0.5,0.0236845623966844,0.1451738034300365,0.1592191808127363,0.4999999999999984,53.333333333333336,60.0,53.333333333333336,1,0.942857142857143,,disorder,rand,1.0,5
3,0.2,0.5,0.0236845623966844,0.2423118779205234,0.2576858410527224,0.4999999999999981,53.333333333333336,66.66666666666666,53.333333333333336,1,0.8285714285714287,-0.0384983001449096,disorder,rand,1.0,5
1,0.3,0.5,0.0243599527233686,0.0762547423940586,0.0784347904474898,0.4999999999999995,46.666666666666664,53.333333333333336,46.666666666666664,1,0.8857142857142858,,disorder,rand,1.0,5
2,0.3,0.5,0.0243599527233686,0.2046840876797231,0.2126122945543889,0.5000000000000002,46.666666666666664,60.0,46.666666666666664,1,0.8857142857142858,,disorder,rand,1.0,5
3,0.3,0.5,0.0243599527233686,0.3118825875519642,0.3132615641184121,0.4999999999999999,73.33333333333333,80.0,73.33333333333333,1,0.8857142857142858,-0.051974568527445,disorder,rand,1.0,5
1,0.4,0.5,0.0259264711970619,0.0997212370754196,0.1065282772381419,0.5000000000000008,46.666666666666664,60.0,46.666666666666664,1,0.8285714285714287,,disorder,rand,1.0,5
2,0.4,0.5,0.0259264711970619,0.2469967671037718,0.2734243978481033,0.4999999999999997,53.333333333333336,66.66666666666666,53.333333333333336,1,0.942857142857143,,disorder,rand,1.0,5
3,0.4,0.5,0.0259264711970619,0.3285205875443383,0.3485981874037598,0.5000000000000003,80.0,86.66666666666667,80.0,1,0.942857142857143,-0.0531044645448977,disorder,rand,1.0,5
1,0.12,0.5,0.0113929136398445,0.0232310022163448,0.0043874749659552,0.4038404903209823,73.33333333333333,20.0,100.0,0,0.3714285714285715,,disorder,rand,1.0,6
2,0.12,0.5,0.0113929136398445,0.0646105880084863,0.0261114183656451,0.411014342626999,53.333333333333336,20.0,100.0,0,0.5428571428571429,,disorder,rand,1.0,6
3,0.12,0.5,0.0113929136398445,0.1152735737434016,0.0507677591097424,0.4124868736370499,60.0,20.0,100.0,0,0.5428571428571429,-0.025198471661224,disorder,rand,1.0,6
1,0.2,0.0,0.0284339107623878,0.1239558584223822,0.0219722706132428,0.5,100.0,20.0,100.0,1,0.8857142857142858,,disorder,rand,1.0,6
2,0.2,0.0,0.0284339107623878,0.3361058101139653,0.0757451868021111,0.5000000000000001,100.0,20.0,100.0,1,0.942857142857143,,disorder,rand,1.0,6
3,0.2,0.0,0.0284339107623878,0.5104184346294562,0.1253497506219472,0.5,100.0,20.0,100.0,1,0.942857142857143,-0.3554909681636597,disorder,rand,1.0,6
1,0.3,0.5,0.0195782685119454,0.0781919201662409,0.0630714350636508,0.5086131571039124,46.666666666666664,33.33333333333333,46.666666666666664,1,1.0,,disorder,rand,1.0,6
2,0.3,0.5,0.0195782685119454,0.2140307259466369,0.1662846642695775,0.5072557160314429,46.666666666666664,33.33333333333333,46.666666666666664,1,1.0,,disorder,rand,1.0,6
3,0.3,0.5,0.0195782685119454,0.3251241998977026,0.2361945938969462,0.4999999999999997,60.0,33.33333333333333,60.0,1,1.0,-0.1692587389334647,disorder,rand,1.0,6
1,0.4,0.5,0.0218949857511165,0.106033330253505,0.0850935187841203,0.5022996307937129,53.333333333333336,33.33333333333333,53.333333333333336,1,1.0,,disorder,rand,1.0,6
2,0.4,0.5,0.0218949857511165,0.2711896822057645,0.2004984297180976,0.5002522869471308,53.333333333333336,40.0,53.333333333333336,1,1.0,,disorder,rand,1.0,6
3,0.4,0.5,0.0218949857511165,0.3698197348813593,0.2506606820490196,0.5000000000000002,60.0,40.0,60.0,1,1.0,-0.1886791782814849,disorder,rand,1.0,6
1,0.12,0.0,0.0007581066684621,0.0126531933183446,0.0186702024324139,0.6361659943499004,6.666666666666667,33.33333333333333,100.0,0,0.3714285714285715,,disorder,rand,1.0,7
2,0.12,0.0,0.0007581066684621,0.0358312561201313,0.0597795358433809,0.6148961237508253,6.666666666666667,26.666666666666668,100.0,0,0.4857142857142857,,disorder,rand,1.0,7
3,0.12,0.0,0.0007581066684621,0.0540089813480469,0.1022716152752525,0.6220817609242673,6.666666666666667,33.33333333333333,100.0,0,0.4857142857142857,-0.0670794081963009,disorder,rand,1.0,7
1,0.2,0.5,0.0199655492665311,0.1255036698115365,0.0665739584170718,0.4999999999999996,100.0,60.0,73.33333333333333,0,0.8857142857142858,,disorder,rand,1.0,7
2,0.2,0.5,0.0199655492665311,0.3509956949815269,0.1901222864095601,0.4999999999999999,100.0,60.0,100.0,1,0.942857142857143,,disorder,rand,1.0,7
3,0.2,0.5,0.0199655492665311,0.5162055231705212,0.3028364859403578,0.5000000000000002,100.0,73.33333333333333,100.0,1,0.942857142857143,-0.2263825323083133,disorder,rand,1.0,7
1,0.3,0.5,0.0261651863920078,0.1951742027804324,0.1179271039954494,0.5000000000000004,100.0,73.33333333333333,100.0,1,0.942857142857143,,disorder,rand,1.0,7
2,0.3,0.5,0.0261651863920078,0.4714126112498478,0.2969268709703804,0.5000000000000001,100.0,80.0,100.0,1,0.942857142857143,,disorder,rand,1.0,7
3,0.3,0.5,0.0261651863920078,0.5623401935759876,0.4200761867990642,0.5,100.0,93.33333333333331,100.0,1,0.942857142857143,-0.1597753293335229,disorder,rand,1.0,7
1,0.4,0.5,0.0403532118966836,0.2611773888943541,0.1502602191603618,0.5000000000000002,100.0,73.33333333333333,100.0,1,0.942857142857143,,disorder,rand,1.0,7
2,0.4,0.5,0.0403532118966836,0.4989489307626716,0.3497639499898714,0.5000000000000001,100.0,80.0,100.0,1,0.942857142857143,,disorder,rand,1.0,7
3,0.4,0.5,0.0403532118966836,0.4702867389557612,0.4446044322446761,0.5000000000000001,100.0,93.33333333333331,100.0,1,0.8857142857142858,-0.0779133336958732,disorder,rand,1.0,7
1,0.12,0.5,0.024518925195258,0.0600249824497255,0.0277999528601877,0.4999999999999987,100.0,53.333333333333336,100.0,1,0.8285714285714287,,disorder,rand,1.0,8
2,0.12,0.5,0.024518925195258,0.163379036842265,0.0816105283633255,0.4999999999999981,86.66666666666667,53.333333333333336,86.66666666666667,1,0.8857142857142858,,disorder,rand,1.0,8
3,0.12,0.5,0.024518925195258,0.2829838295867164,0.1455702408586502,0.5000000000000008,93.33333333333331,53.333333333333336,93.33333333333331,1,0.942857142857143,-0.1217416738535052,disorder,rand,1.0,8
1,0.2,0.5,0.0333781202461203,0.1005150369839603,0.0569170198328565,0.5000000000000003,86.66666666666667,46.666666666666664,86.66666666666667,1,1.0,,disorder,rand,1.0,8
2,0.2,0.5,0.0333781202461203,0.2717669518638034,0.162345607057691,0.5000000000000001,86.66666666666667,46.666666666666664,86.66666666666667,1,1.0,,disorder,rand,1.0,8
3,0.2,0.5,0.0333781202461203,0.440085810673873,0.2674936726281541,0.5000000000000001,93.33333333333331,46.666666666666664,93.33333333333331,1,1.0,-0.2590049927516943,disorder,rand,1.0,8
1,0.3,0.0,0.0130809370756237,0.0766221386103274,0.0810067300069412,0.4999999999999999,33.33333333333333,46.666666666666664,73.33333333333333,0,0.942857142857143,,disorder,rand,1.0,8
2,0.3,0.0,0.0130809370756237,0.2079092237154245,0.2182026669534709,0.5000000000000003,33.33333333333333,46.666666666666664,86.66666666666667,0,0.942857142857143,,disorder,rand,1.0,8
3,0.3,0.0,0.0130809370756237,0.3145915338202036,0.3272748195887768,0.5000000000000002,53.333333333333336,60.0,100.0,0,0.942857142857143,-0.1744579808824812,disorder,rand,1.0,8
1,0.4,0.0,0.03740567883963,0.1162533484214505,0.1017811670118571,0.4999999999999989,46.666666666666664,26.666666666666668,73.33333333333333,0,0.942857142857143,,disorder,rand,1.0,8
2,0.4,0.0,0.03740567883963,0.2759431282171245,0.2638160454652988,0.5000000000000001,60.0,46.666666666666664,100.0,0,0.942857142857143,,disorder,rand,1.0,8
3,0.4,0.0,0.03740567883963,0.3981859856818397,0.3584133222347585,0.5000000000000001,86.66666666666667,73.33333333333333,86.66666666666667,1,0.942857142857143,-0.1521449198195021,disorder,rand,1.0,8
1,0.12,1.0,0.0238462150652918,0.0537544652278478,0.0537544652278478,0.5000000000000018,66.66666666666666,66.66666666666666,66.66666666666666,1,1.0,,disorder,rand,1.0,9
2,0.12,1.0,0.0238462150652918,0.1517893567831697,0.1517893567831697,0.5000000000000013,66.66666666666666,66.66666666666666,66.66666666666666,1,0.942857142857143,,disorder,rand,1.0,9
3,0.12,1.0,0.0238462150652918,0.2698794865192351,0.2698794865192351,0.5000000000000004,73.33333333333333,73.33333333333333,73.33333333333333,1,0.942857142857143,-0.0727727135998228,disorder,rand,1.0,9
1,0.2,1.0,0.040472739551193,0.0980738579660517,0.0980738579660517,0.5000000000000001,60.0,60.0,60.0,1,0.942857142857143,,disorder,rand,1.0,9
2,0.2,1.0,0.040472739551193,0.269179875911825,0.269179875911825,0.4999999999999999,73.33333333333333,73.33333333333333,73.33333333333333,1,1.0,,disorder,rand,1.0,9
3,0.2,1.0,0.040472739551193,0.4477770429826272,0.4477770429826272,0.5000000000000001,100.0,100.0,100.0,1,1.0,-0.1220633108914442,disorder,rand,1.0,9
1,0.3,1.0,0.0545139253819079,0.1453373287164443,0.1453373287164443,0.4999999999999997,73.33333333333333,73.33333333333333,73.33333333333333,1,0.942857142857143,,disorder,rand,1.0,9
2,0.3,1.0,0.0545139253819079,0.3791970965431801,0.3791970965431801,0.4999999999999998,86.66666666666667,86.66666666666667,86.66666666666667,1,0.942857142857143,,disorder,rand,1.0,9
3,0.3,1.0,0.0545139253819079,0.5696561819715587,0.5696561819715587,0.5,100.0,100.0,100.0,1,0.8857142857142858,-0.1396570889201522,disorder,rand,1.0,9
1,0.4,1.0,0.0626455271745644,0.1845105042030206,0.1845105042030206,0.4999999999999996,73.33333333333333,73.33333333333333,73.33333333333333,1,0.942857142857143,,disorder,rand,1.0,9
2,0.4,1.0,0.0626455271745644,0.4469088190131089,0.4469088190131089,0.4999999999999999,100.0,100.0,100.0,1,0.942857142857143,,disorder,rand,1.0,9
3,0.4,1.0,0.0626455271745644,0.6002428208486891,0.6002428208486891,0.4999999999999997,100.0,100.0,100.0,1,0.942857142857143,-0.1378462438293966,disorder,rand,1.0,9
1,0.12,0.5,0.00873255568068901,0.020732049876389123,0.005664786192502436,0.5281829369159389,73.33333333333333,26.666666666666668,73.33333333333333,1,0.6571428571428573,,disorder,rand,2.0,0
2,0.12,0.5,0.00873255568068901,0.05465668489442638,0.018776185673848048,0.5174670498207365,80.0,26.666666666666668,80.0,1,0.942857142857143,,disorder,rand,2.0,0
3,0.12,0.5,0.00873255568068901,0.09624267026078479,0.022574200099881522,0.5065365044333887,80.0,33.33333333333333,100.0,0,0.8285714285714287,-0.03671950238117175,disorder,rand,2.0,0
1,0.2,0.5,0.01415670251658311,0.0729741257160812,0.021564586338415265,0.5173607688314121,100.0,33.33333333333333,80.0,0,0.7714285714285715,,disorder,rand,2.0,0
2,0.2,0.5,0.01415670251658311,0.2048076801047417,0.05645008687018227,0.5000000000000002,100.0,26.666666666666668,80.0,0,0.8857142857142858,,disorder,rand,2.0,0
3,0.2,0.5,0.01415670251658311,0.3242010149108364,0.07088368956645184,0.5,100.0,40.0,100.0,1,0.942857142857143,-0.08286975246490991,disorder,rand,2.0,0
1,0.3,0.5,0.01995487272566166,0.15222915276922477,0.07253593906136818,0.5000000000000012,100.0,40.0,40.0,0,0.7714285714285715,,disorder,rand,2.0,0
2,0.3,0.5,0.01995487272566166,0.35741567954104425,0.16712586706009833,0.49999999999999967,100.0,46.666666666666664,100.0,1,1.0,,disorder,rand,2.0,0
3,0.3,0.5,0.01995487272566166,0.42762114223520165,0.21808821456995683,0.5000000000000006,100.0,53.333333333333336,100.0,1,0.942857142857143,-0.12068888043034598,disorder,rand,2.0,0
1,0.4,0.5,0.02719495175277964,0.22352332753049797,0.11537905967745138,0.5000000000000004,100.0,46.666666666666664,46.666666666666664,0,0.7714285714285715,,disorder,rand,2.0,0
2,0.4,0.5,0.02719495175277964,0.40647261462820317,0.2449740868854442,0.49999999999999967,100.0,60.0,100.0,1,1.0,,disorder,rand,2.0,0
3,0.4,0.5,0.02719495175277964,0.36912891521135194,0.31094163860283286,0.5000000000000002,100.0,66.66666666666666,100.0,1,0.8285714285714287,-0.0778043389977241,disorder,rand,2.0,0
1,0.12,0.5,0.0025119165782113966,0.007922108275621308,0.015454513612889456,0.5184594171363649,53.333333333333336,80.0,53.333333333333336,1,0.8857142857142858,,disorder,rand,2.0,1
2,0.12,0.5,0.0025119165782113966,0.012682953942040234,0.045023785379221526,0.5284308513508237,40.0,80.0,40.0,1,0.7714285714285715,,disorder,rand,2.0,1
3,0.12,0.5,0.0025119165782113966,0.013561732803065746,0.0858309722075404,0.4383263218901,26.666666666666668,80.0,100.0,0,0.6571428571428573,-0.021634301625405084,disorder,rand,2.0,1
1,0.2,0.5,0.011163683633032486,0.02736152227097946,0.03529351957612604,0.5111216906785481,53.333333333333336,73.33333333333333,53.333333333333336,1,0.942857142857143,,disorder,rand,2.0,1
2,0.2,0.5,0.011163683633032486,0.048697258691551656,0.1027703852701608,0.5113245852073903,53.333333333333336,80.0,53.333333333333336,1,0.942857142857143,,disorder,rand,2.0,1
3,0.2,0.5,0.011163683633032486,0.06023066763653789,0.18834804366851773,0.5103074433077924,66.66666666666666,80.0,100.0,0,0.8857142857142858,-0.05601258302682685,disorder,rand,2.0,1
1,0.3,0.5,0.017889693550092952,0.05325377295929634,0.059770142140886814,0.506128107588135,53.333333333333336,66.66666666666666,53.333333333333336,1,1.0,,disorder,rand,2.0,1
2,0.3,0.5,0.017889693550092952,0.10059396778364244,0.16425688639056768,0.4999999999999995,60.0,80.0,60.0,1,1.0,,disorder,rand,2.0,1
3,0.3,0.5,0.017889693550092952,0.13224767626856856,0.27063772303786265,0.500000000000001,53.333333333333336,80.0,100.0,0,0.942857142857143,-0.14067402122840922,disorder,rand,2.0,1
1,0.4,0.5,0.008767326860070188,0.1250593095236361,0.07558871956356558,0.4999999999999991,100.0,53.333333333333336,46.666666666666664,0,0.8285714285714287,,disorder,rand,2.0,1
2,0.4,0.5,0.008767326860070188,0.2622462560775909,0.18624612327581352,0.49999999999999944,100.0,86.66666666666667,100.0,1,1.0,,disorder,rand,2.0,1
3,0.4,0.5,0.008767326860070188,0.2508816427915831,0.26631972877845383,0.5000000000000017,80.0,86.66666666666667,80.0,1,0.942857142857143,-0.04975686332226459,disorder,rand,2.0,1
1,0.12,0.0,0.0029662639560862902,0.008747524422040742,0.0027314909667213653,0.514754793563921,46.666666666666664,20.0,46.666666666666664,1,0.942857142857143,,disorder,rand,2.0,2
2,0.12,0.0,0.0029662639560862902,0.026505379944857133,0.004576022496199163,0.5293878509318329,46.666666666666664,20.0,46.666666666666664,1,0.942857142857143,,disorder,rand,2.0,2
3,0.12,0.0,0.0029662639560862902,0.0478436964557174,-0.000997412060955747,0.5291706208180498,46.666666666666664,20.0,46.666666666666664,1,0.6,0.0008691337638107033,disorder,rand,2.0,2
1,0.2,0.0,0.009268784538685893,0.023323484539704564,0.005237615343732932,0.5450653256649904,46.666666666666664,6.666666666666667,46.666666666666664,1,0.942857142857143,,disorder,rand,2.0,2
2,0.2,0.0,0.009268784538685893,0.06583240112130762,0.008033683169696493,0.5294864564802437,46.666666666666664,20.0,46.666666666666664,1,0.942857142857143,,disorder,rand,2.0,2
3,0.2,0.0,0.009268784538685893,0.1106830613635833,-0.006464125862683849,0.530796485775294,46.666666666666664,20.0,46.666666666666664,1,0.6,0.006432296330390108,disorder,rand,2.0,2
1,0.3,0.0,0.01671743887219728,0.043314338010050024,0.011622282928766124,0.5360313592093139,46.666666666666664,6.666666666666667,46.666666666666664,1,0.942857142857143,,disorder,rand,2.0,2
2,0.3,0.0,0.01671743887219728,0.1142792905956902,0.012840523798451364,0.5287917776772445,46.666666666666664,20.0,46.666666666666664,1,0.942857142857143,,disorder,rand,2.0,2
3,0.3,0.0,0.01671743887219728,0.17320820976891393,-0.01619179479035307,0.5301803566373011,46.666666666666664,20.0,46.666666666666664,1,0.6571428571428573,0.017416214434491373,disorder,rand,2.0,2
1,0.4,0.0,0.023508262418582584,0.06237801367201923,0.022186552255310507,0.514817007558251,46.666666666666664,20.0,46.666666666666664,1,0.942857142857143,,disorder,rand,2.0,2
2,0.4,0.0,0.023508262418582584,0.14928495020277754,0.02366476264242847,0.5244700228425393,46.666666666666664,20.0,46.666666666666664,1,0.8857142857142858,,disorder,rand,2.0,2
3,0.4,0.0,0.023508262418582584,0.20516834272644768,-0.017466844914897972,0.5192587097249795,46.666666666666664,20.0,46.666666666666664,1,0.6,0.020453518393133252,disorder,rand,2.0,2
1,0.12,0.5,-0.0004158626964818153,0.02657090893944536,0.03082966471574977,0.4999999999999962,33.33333333333333,46.666666666666664,46.666666666666664,0,0.8285714285714287,,disorder,rand,2.0,3
2,0.12,0.5,-0.0004158626964818153,0.08122110479620714,0.10464363605005289,0.4999999999999983,33.33333333333333,73.33333333333333,73.33333333333333,0,0.8285714285714287,,disorder,rand,2.0,3
3,0.12,0.5,-0.0004158626964818153,0.13023975931422405,0.19303062014145145,0.49999999999999883,26.666666666666668,80.0,80.0,0,0.8285714285714287,-0.13465435395184688,disorder,rand,2.0,3
1,0.2,1.0,0.02081157903837149,0.07942796932597829,0.07942796932597829,0.49999999999999756,66.66666666666666,66.66666666666666,66.66666666666666,1,0.942857142857143,,disorder,rand,2.0,3
2,0.2,1.0,0.02081157903837149,0.23230678803896398,0.23230678803896398,0.49999999999999906,73.33333333333333,73.33333333333333,73.33333333333333,1,0.942857142857143,,disorder,rand,2.0,3
3,0.2,1.0,0.02081157903837149,0.38668631151572064,0.38668631151572064,0.4999999999999991,93.33333333333333,93.33333333333333,93.33333333333333,1,0.942857142857143,-0.17716475267330833,disorder,rand,2.0,3
1,0.3,1.0,0.03722367445426622,0.12866554857453666,0.12866554857453666,0.5000000000000008,73.33333333333333,73.33333333333333,73.33333333333333,1,0.8857142857142858,,disorder,rand,2.0,3
2,0.3,1.0,0.03722367445426622,0.34475621871516815,0.34475621871516815,0.5000000000000007,80.0,80.0,80.0,1,0.942857142857143,,disorder,rand,2.0,3
3,0.3,1.0,0.03722367445426622,0.5062647460501883,0.5062647460501883,0.5,100.0,100.0,100.0,1,0.942857142857143,-0.17708521800742427,disorder,rand,2.0,3
1,0.4,1.0,0.04387527799781486,0.167053613742581,0.167053613742581,0.5000000000000006,73.33333333333333,73.33333333333333,73.33333333333333,1,0.8857142857142858,,disorder,rand,2.0,3
2,0.4,1.0,0.04387527799781486,0.4049936327137751,0.4049936327137751,0.5000000000000001,93.33333333333333,93.33333333333333,93.33333333333333,1,0.942857142857143,,disorder,rand,2.0,3
3,0.4,1.0,0.04387527799781486,0.5146588542085095,0.5146588542085095,0.5000000000000001,100.0,100.0,100.0,1,0.942857142857143,-0.13276509846193885,disorder,rand,2.0,3
1,0.12,0.5,0.00822846316015025,0.01690101609376911,0.0020966515286757817,0.35630725185232764,73.33333333333333,20.0,100.0,0,0.2571428571428572,,disorder,rand,2.0,4
2,0.12,0.5,0.00822846316015025,0.048747001415816504,0.012363182558394008,0.39687349959172563,73.33333333333333,40.0,100.0,0,0.8285714285714287,,disorder,rand,2.0,4
3,0.12,0.5,0.00822846316015025,0.09159546206719377,0.02356675508244968,0.4194449973964694,73.33333333333333,46.666666666666664,73.33333333333333,1,1.0,-0.01927281941082626,disorder,rand,2.0,4
1,0.2,0.5,0.011694019386757385,0.02950618961453072,0.01361807730712021,0.4282041867404996,73.33333333333333,26.666666666666668,100.0,0,0.8285714285714287,,disorder,rand,2.0,4
2,0.2,0.5,0.011694019386757385,0.08602537656191994,0.03845144337564728,0.4611496806510694,73.33333333333333,40.0,73.33333333333333,1,0.942857142857143,,disorder,rand,2.0,4
3,0.2,0.5,0.011694019386757385,0.15597369362909685,0.05630011198609686,0.4799411643645039,73.33333333333333,46.666666666666664,73.33333333333333,1,1.0,-0.03837343100039514,disorder,rand,2.0,4
1,0.3,0.5,0.007856477500510772,0.03836401187940905,0.03997414925636516,0.5918879786385444,46.666666666666664,53.333333333333336,100.0,0,0.8285714285714287,,disorder,rand,2.0,4
2,0.3,0.5,0.007856477500510772,0.11586309549234369,0.0798331566639923,0.5258653493983627,60.0,40.0,60.0,1,0.942857142857143,,disorder,rand,2.0,4
3,0.3,0.5,0.007856477500510772,0.20024507690394067,0.08855465664065221,0.517787586267753,73.33333333333333,46.666666666666664,73.33333333333333,1,0.942857142857143,-0.04324891160276759,disorder,rand,2.0,4
1,0.4,0.0,0.018139268386279057,0.16545582538779535,0.0647346550591433,0.49999999999999956,100.0,60.0,100.0,1,1.0,,disorder,rand,2.0,4
2,0.4,0.0,0.018139268386279057,0.3232687027138154,0.10916043749805449,0.5000000000000003,100.0,46.666666666666664,73.33333333333333,0,0.942857142857143,,disorder,rand,2.0,4
3,0.4,0.0,0.018139268386279057,0.3944651234840545,0.09780684809399101,0.5000000000000009,100.0,46.666666666666664,100.0,1,1.0,-0.07004528657504727,disorder,rand,2.0,4
1,0.12,1.0,0.003398203906217494,0.012505997474803632,0.012505997474803632,0.500000000000009,60.0,60.0,60.0,1,1.0,,disorder,rand,2.0,5
2,0.12,1.0,0.003398203906217494,0.025442153802909005,0.025442153802909005,0.4826158188225136,53.333333333333336,53.333333333333336,100.0,0,0.942857142857143,,disorder,rand,2.0,5
3,0.12,1.0,0.003398203906217494,0.02802077067038363,0.02802077067038363,0.4104047789667682,60.0,60.0,100.0,0,0.8857142857142858,-0.010057777342727808,disorder,rand,2.0,5
1,0.2,1.0,0.012073445854920359,0.03626454696887521,0.03626454696887521,0.4999999999999964,66.66666666666666,66.66666666666666,66.66666666666666,1,0.942857142857143,,disorder,rand,2.0,5
2,0.2,1.0,0.012073445854920359,0.07324608748571232,0.07324608748571232,0.49999999999999983,53.333333333333336,53.333333333333336,100.0,0,0.8857142857142858,,disorder,rand,2.0,5
3,0.2,1.0,0.012073445854920359,0.08922501836260152,0.08922501836260152,0.4820944494215311,53.333333333333336,53.333333333333336,100.0,0,0.8857142857142858,-0.0251831995403769,disorder,rand,2.0,5
1,0.3,0.5,0.031301901215201,0.15738882008152544,0.07509902694868123,0.49999999999999944,100.0,73.33333333333333,100.0,1,0.942857142857143,,disorder,rand,2.0,5
2,0.3,0.5,0.031301901215201,0.3268831765396081,0.1502993146282992,0.4999999999999997,100.0,66.66666666666666,100.0,1,1.0,,disorder,rand,2.0,5
3,0.3,0.5,0.031301901215201,0.3195623928377611,0.18640874448604028,0.4999999999999995,100.0,73.33333333333333,100.0,1,0.942857142857143,0.009404687014020752,disorder,rand,2.0,5
1,0.4,0.5,0.036058304309273426,0.20885665795979946,0.11142286848249941,0.5000000000000003,100.0,80.0,100.0,1,0.942857142857143,,disorder,rand,2.0,5
2,0.4,0.5,0.036058304309273426,0.3291229037801593,0.20624589440831262,0.49999999999999917,100.0,66.66666666666666,100.0,1,1.0,,disorder,rand,2.0,5
3,0.4,0.5,0.036058304309273426,0.25475514895150453,0.24548485235646905,0.5000000000000011,80.0,73.33333333333333,80.0,1,0.942857142857143,0.005920282630436979,disorder,rand,2.0,5
1,0.12,0.5,0.004871594101122688,0.014722288291266206,0.03543082283425485,0.4210023154292666,53.333333333333336,80.0,53.333333333333336,1,0.942857142857143,,disorder,rand,2.0,6
2,0.12,0.5,0.004871594101122688,0.04188291726178017,0.09177576420998904,0.499999999999998,46.666666666666664,80.0,46.666666666666664,1,0.942857142857143,,disorder,rand,2.0,6
3,0.12,0.5,0.004871594101122688,0.0696500913682091,0.1577663109920742,0.4999999999999969,46.666666666666664,80.0,46.666666666666664,1,0.7142857142857143,-0.0018280182952636892,disorder,rand,2.0,6
1,0.2,0.5,0.013651013755334476,0.0390160810355622,0.06323132270685652,0.4999999999999951,46.666666666666664,66.66666666666666,46.666666666666664,1,1.0,,disorder,rand,2.0,6
2,0.2,0.5,0.013651013755334476,0.10671459126028937,0.1584047889953819,0.49999999999999917,46.666666666666664,60.0,46.666666666666664,1,1.0,,disorder,rand,2.0,6
3,0.2,0.5,0.013651013755334476,0.16851563521464585,0.2522253282748983,0.49999999999999883,46.666666666666664,73.33333333333333,46.666666666666664,1,0.942857142857143,-0.010603154107566626,disorder,rand,2.0,6
1,0.3,0.5,0.024304554325926778,0.07261613710988102,0.08741152190200924,0.500000000000001,46.666666666666664,60.0,46.666666666666664,1,0.942857142857143,,disorder,rand,2.0,6
2,0.3,0.5,0.024304554325926778,0.18409350299659966,0.21778023298547938,0.4999999999999994,46.666666666666664,60.0,46.666666666666664,1,0.942857142857143,,disorder,rand,2.0,6
3,0.3,0.5,0.024304554325926778,0.25977124238038707,0.30798223115044854,0.5000000000000003,46.666666666666664,73.33333333333333,46.666666666666664,1,1.0,-0.03709391641183779,disorder,rand,2.0,6
1,0.4,0.5,0.034866972431210994,0.10225261804193997,0.1215060627646028,0.5000000000000016,46.666666666666664,60.0,46.666666666666664,1,0.942857142857143,,disorder,rand,2.0,6
2,0.4,0.5,0.034866972431210994,0.22979872344224894,0.2823059818440974,0.49999999999999983,46.666666666666664,80.0,46.666666666666664,1,0.942857142857143,,disorder,rand,2.0,6
3,0.4,0.5,0.034866972431210994,0.2888533968358155,0.33246029612033334,0.5,73.33333333333333,93.33333333333333,73.33333333333333,1,0.942857142857143,-0.0622987483082974,disorder,rand,2.0,6
1,0.12,1.0,0.004787621988525461,0.014851484615213018,0.014851484615213018,0.5128811664383022,46.666666666666664,46.666666666666664,46.666666666666664,1,0.6571428571428573,,disorder,rand,2.0,7
2,0.12,1.0,0.004787621988525461,0.04180994423554918,0.04180994423554918,0.5000000000000057,46.666666666666664,46.666666666666664,46.666666666666664,1,0.6571428571428573,,disorder,rand,2.0,7
3,0.12,1.0,0.004787621988525461,0.06641786186073961,0.06641786186073961,0.4999999999999978,46.666666666666664,46.666666666666664,46.666666666666664,1,0.4285714285714286,0.0018372086019470268,disorder,rand,2.0,7
1,0.2,1.0,0.015886011246719775,0.04136434470516337,0.04136434470516337,0.5000000000000019,46.666666666666664,46.666666666666664,46.666666666666664,1,0.7714285714285715,,disorder,rand,2.0,7
2,0.2,1.0,0.015886011246719775,0.10971818593527494,0.10971818593527494,0.4999999999999987,46.666666666666664,46.666666666666664,46.666666666666664,1,0.6,,disorder,rand,2.0,7
3,0.2,1.0,0.015886011246719775,0.16790902697460275,0.16790902697460275,0.4999999999999991,46.666666666666664,46.666666666666664,46.666666666666664,1,0.6,-0.002277844581670796,disorder,rand,2.0,7
1,0.3,1.0,0.030311114579021657,0.07960200834862197,0.07960200834862197,0.499999999999998,46.666666666666664,46.666666666666664,46.666666666666664,1,0.8857142857142858,,disorder,rand,2.0,7
2,0.3,1.0,0.030311114579021657,0.19888572771467072,0.19888572771467072,0.4999999999999994,46.666666666666664,46.666666666666664,46.666666666666664,1,0.8285714285714287,,disorder,rand,2.0,7
3,0.3,1.0,0.030311114579021657,0.284435622377756,0.284435622377756,0.5,46.666666666666664,46.666666666666664,46.666666666666664,1,0.7714285714285715,-0.02769511682313741,disorder,rand,2.0,7
1,0.4,1.0,0.042286635248741655,0.11347335237715683,0.11347335237715683,0.5000000000000002,53.333333333333336,53.333333333333336,53.333333333333336,1,0.8857142857142858,,disorder,rand,2.0,7
2,0.4,1.0,0.042286635248741655,0.25920969229946866,0.25920969229946866,0.5000000000000002,46.666666666666664,46.666666666666664,46.666666666666664,1,1.0,,disorder,rand,2.0,7
3,0.4,1.0,0.042286635248741655,0.34945828566586734,0.34945828566586734,0.5000000000000007,86.66666666666667,86.66666666666667,86.66666666666667,1,0.942857142857143,-0.07524084948923881,disorder,rand,2.0,7
1,0.12,0.5,0.0036587305653292008,0.02086416874659236,0.002690520354400122,0.4999999999999963,100.0,33.33333333333333,100.0,1,0.942857142857143,,disorder,rand,2.0,8
2,0.12,0.5,0.0036587305653292008,0.05775556377198021,0.005690695377984053,0.4999999999999995,100.0,46.666666666666664,100.0,1,0.8857142857142858,,disorder,rand,2.0,8
3,0.12,0.5,0.0036587305653292008,0.0846340579986139,0.005390110526794854,0.5000000000000033,100.0,46.666666666666664,100.0,1,0.6,0.0022431923000522103,disorder,rand,2.0,8
1,0.2,0.5,0.012250915450187454,0.061630620212820286,0.010184734334194465,0.5000000000000024,100.0,33.33333333333333,100.0,1,0.942857142857143,,disorder,rand,2.0,8
2,0.2,0.5,0.012250915450187454,0.15404735909246114,0.02539510643002671,0.5000000000000014,100.0,53.333333333333336,100.0,1,0.942857142857143,,disorder,rand,2.0,8
3,0.2,0.5,0.012250915450187454,0.20197261861207894,0.03296828261572153,0.4999999999999999,100.0,53.333333333333336,100.0,1,0.7714285714285715,-0.0013150561012125195,disorder,rand,2.0,8
1,0.3,0.5,0.023952175097472994,0.12367413802627181,0.04172307974686429,0.500000000000003,100.0,46.666666666666664,100.0,1,1.0,,disorder,rand,2.0,8
2,0.3,0.5,0.023952175097472994,0.2553983675710103,0.10188075163167265,0.5000000000000004,100.0,53.333333333333336,100.0,1,1.0,,disorder,rand,2.0,8
3,0.3,0.5,0.023952175097472994,0.2787326148968805,0.14539943227143787,0.5000000000000008,93.33333333333333,66.66666666666666,93.33333333333333,1,1.0,-0.059378896002038495,disorder,rand,2.0,8
1,0.4,0.5,0.02361725772438298,0.16137846475049988,0.07457137971068645,0.5000000000000001,100.0,53.333333333333336,53.333333333333336,0,0.8285714285714287,,disorder,rand,2.0,8
2,0.4,0.5,0.02361725772438298,0.27690922219292124,0.16949521940144607,0.5000000000000002,93.33333333333333,66.66666666666666,66.66666666666666,0,0.942857142857143,,disorder,rand,2.0,8
3,0.4,0.5,0.02361725772438298,0.28369657190393816,0.24030609715848844,0.5000000000000009,80.0,66.66666666666666,80.0,1,1.0,-0.0799925582193739,disorder,rand,2.0,8
1,0.12,0.5,0.014568337524773598,0.03947006409844711,0.01795036534777017,0.5000000000000017,73.33333333333333,46.666666666666664,73.33333333333333,1,1.0,,disorder,rand,2.0,9
2,0.12,0.5,0.014568337524773598,0.10000209700172269,0.06504854138563465,0.5000000000000021,73.33333333333333,46.666666666666664,73.33333333333333,1,1.0,,disorder,rand,2.0,9
3,0.12,0.5,0.014568337524773598,0.16135413194340553,0.1010775562281444,0.5000000000000008,53.333333333333336,46.666666666666664,53.333333333333336,1,0.942857142857143,-0.0693998076200173,disorder,rand,2.0,9
1,0.2,1.0,-0.00643746059918927,0.050734976110085483,0.050734976110085483,0.46327631850937034,46.666666666666664,46.666666666666664,73.33333333333333,0,0.942857142857143,,disorder,rand,2.0,9
2,0.2,1.0,-0.00643746059918927,0.1602767925935933,0.1602767925935933,0.49999999999999956,46.666666666666664,46.666666666666664,73.33333333333333,0,0.942857142857143,,disorder,rand,2.0,9
3,0.2,1.0,-0.00643746059918927,0.2466010115225996,0.2466010115225996,0.5000000000000007,46.666666666666664,46.666666666666664,73.33333333333333,0,0.8857142857142858,-0.2612525917529811,disorder,rand,2.0,9
1,0.3,1.0,0.012965811965644475,0.10851549791965076,0.10851549791965076,0.5000000000000011,60.0,60.0,60.0,1,0.942857142857143,,disorder,rand,2.0,9
2,0.3,1.0,0.012965811965644475,0.29176388912360307,0.29176388912360307,0.5000000000000004,73.33333333333333,73.33333333333333,73.33333333333333,1,0.942857142857143,,disorder,rand,2.0,9
3,0.3,1.0,0.012965811965644475,0.40744239470943167,0.40744239470943167,0.5000000000000011,100.0,100.0,100.0,1,0.8285714285714287,-0.23880663065709906,disorder,rand,2.0,9
1,0.4,1.0,0.038004021595759246,0.16471126203560815,0.16471126203560815,0.5000000000000009,66.66666666666666,66.66666666666666,66.66666666666666,1,0.942857142857143,,disorder,rand,2.0,9
2,0.4,1.0,0.038004021595759246,0.3888902323607294,0.3888902323607294,0.4999999999999997,93.33333333333333,93.33333333333333,93.33333333333333,1,0.942857142857143,,disorder,rand,2.0,9
3,0.4,1.0,0.038004021595759246,0.48591061258577173,0.48591061258577173,0.5000000000000006,100.0,100.0,100.0,1,0.7714285714285715,-0.19112275488158015,disorder,rand,2.0,9
