tau,S_fi,S_geo,S_sd,overlap_fi_geo,overlap_fi_sd,pct_fi,pct_geo,pct_sd,sd_fi,sd_geo,sd_opt,on_signed,off_frac,sp_Fi_total,sp_Fi_diag,setting,pattern,strength,realization,J_over_U
1,"(3, 4)","(2, 3)","(1, 5)",0.5,0.0,93.33333333333333,86.66666666666667,20.0,-0.00421228493981185,-0.0028581724824805477,0.0028660824267505436,-0.017846943144624428,0.6769543196930767,0.942857142857143,-0.7714285714285715,disorder,rand,0.5,0,0.12
2,"(3, 4)","(2, 3)","(0, 5)",0.5,0.0,100.0,86.66666666666667,20.0,-0.012160154753492192,-0.007310812043685999,0.006156591720320112,-0.03892234186274335,0.6610363873986279,0.7714285714285715,-0.4285714285714286,disorder,rand,0.5,0,0.12
3,"(3, 4)","(2, 3)","(2, 4)",0.5,0.5,93.33333333333333,86.66666666666667,100.0,-0.009703108216472245,-0.00367078919727315,0.03494267008013918,-0.06162235337122257,0.6562121020145665,0.4285714285714286,0.14285714285714288,disorder,rand,0.5,0,0.12
1,"(2, 3)","(2, 3)","(0, 5)",1.0,0.0,100.0,100.0,20.0,-0.008941337967609542,-0.008941337967609542,0.005209646853672201,-0.035015661867042525,0.6295477497223696,0.7714285714285715,-0.8857142857142858,disorder,rand,0.5,0,0.2
2,"(2, 3)","(2, 3)","(0, 5)",1.0,0.0,100.0,100.0,20.0,-0.01824085721907842,-0.01824085721907842,0.008896857423562471,-0.0741131205547012,0.622763250123262,0.5428571428571429,-0.6571428571428573,disorder,rand,0.5,0,0.2
3,"(2, 3)","(2, 3)","(2, 4)",1.0,0.5,100.0,100.0,86.66666666666667,0.010556770137797322,0.010556770137797322,0.04802519980028008,-0.11693760264909225,0.6195048788702184,0.2,0.3142857142857143,disorder,rand,0.5,0,0.2
1,"(2, 3)","(2, 3)","(0, 5)",1.0,0.0,100.0,100.0,20.0,-0.015719377936348478,-0.015719377936348478,0.00600395653509278,-0.05173092684675218,0.5863244309353565,0.8857142857142858,-0.942857142857143,disorder,rand,0.5,0,0.3
2,"(2, 3)","(2, 3)","(0, 4)",1.0,0.0,100.0,100.0,33.33333333333333,-0.01877155634445682,-0.01877155634445682,0.01142536332150973,-0.10810618482589907,0.5879905340481215,0.5428571428571429,-0.14285714285714288,disorder,rand,0.5,0,0.3
3,"(2, 3)","(2, 3)","(2, 4)",1.0,0.5,100.0,100.0,86.66666666666667,0.06563522104705011,0.06563522104705011,0.07253220060629895,-0.1710445647097547,0.5827627710746863,0.3142857142857143,0.5428571428571429,disorder,rand,0.5,0,0.3
1,"(2, 3)","(2, 3)","(0, 5)",1.0,0.0,100.0,100.0,20.0,-0.020369735984268056,-0.020369735984268056,0.00269870664938332,-0.05738742868779079,0.5884528662453061,0.942857142857143,-0.942857142857143,disorder,rand,0.5,0,0.4
2,"(2, 3)","(2, 3)","(0, 3)",1.0,0.5,100.0,100.0,80.0,0.0010632867589033257,0.0010632867589033257,0.006290973310217884,-0.12285271671831033,0.578105019840419,0.5428571428571429,0.08571428571428573,disorder,rand,0.5,0,0.4
3,"(2, 3)","(2, 3)","(2, 3)",1.0,1.0,100.0,100.0,100.0,0.12881875817120192,0.12881875817120192,0.12881875817120192,-0.19196026737954774,0.577643120551276,0.942857142857143,0.8285714285714287,disorder,rand,0.5,0,0.4
1,"(1, 2)","(2, 3)","(3, 4)",0.5,0.0,46.666666666666664,20.0,20.0,-0.0018955054059216492,0.0010777109771778481,0.00217650072742423,-0.003841933601382852,0.8975385411378808,0.48571428571428577,-0.6571428571428573,disorder,rand,0.5,1,0.12
2,"(1, 2)","(2, 3)","(3, 5)",0.5,0.0,40.0,20.0,80.0,-0.0043483975298946875,0.0016293693053753833,0.004527232793091196,-0.006482854427527496,0.916530169920908,0.7714285714285715,-0.6,disorder,rand,0.5,1,0.12
3,"(1, 2)","(2, 3)","(1, 5)",0.5,0.5,53.333333333333336,20.0,100.0,0.0046514692696864035,0.0006961962196710969,0.022072341895834624,-0.012692517737501241,0.8918187481178805,0.6,-0.08571428571428573,disorder,rand,0.5,1,0.12
1,"(1, 2)","(2, 3)","(3, 4)",0.5,0.0,40.0,26.666666666666668,20.0,-0.004125198765895233,0.00034950532658922784,0.0014264561999757785,-0.001379806474028633,0.9129291543282105,0.8285714285714287,-1.0,disorder,rand,0.5,1,0.2
2,"(1, 2)","(2, 3)","(3, 5)",0.5,0.0,40.0,33.33333333333333,73.33333333333333,-0.01241871934386074,-0.0035835405467860015,0.00809188227579305,-0.004327136115225505,0.9389405080043922,0.3142857142857143,-0.3142857142857143,disorder,rand,0.5,1,0.2
3,"(1, 2)","(2, 3)","(1, 5)",0.5,0.5,40.0,20.0,86.66666666666667,0.004768930428076801,-0.00752039480280714,0.04080659413073673,-0.013189316314449251,0.9294352674114381,-0.3714285714285715,0.6,disorder,rand,0.5,1,0.2
1,"(0, 1)","(2, 3)","(0, 5)",0.0,0.5,86.66666666666667,20.0,100.0,-0.007642997022806464,-0.003213825611388388,0.0013521619133749496,-0.016671736021926287,0.7282339131354897,0.2571428571428572,-0.08571428571428573,disorder,rand,0.5,1,0.3
2,"(0, 1)","(2, 3)","(0, 5)",0.0,0.5,80.0,20.0,100.0,-0.014731660264336588,-0.017486777669738496,0.02490685626435396,-0.03787211072533603,0.6935879638696386,-0.5428571428571429,0.14285714285714288,disorder,rand,0.5,1,0.3
3,"(0, 1)","(2, 3)","(0, 5)",0.0,0.5,80.0,20.0,100.0,0.024726575749921542,-0.021840826175835715,0.08240215137781948,-0.062024829195499676,0.6656432106380582,-0.942857142857143,0.4285714285714286,disorder,rand,0.5,1,0.3
1,"(0, 1)","(2, 3)","(0, 5)",0.0,0.5,100.0,20.0,80.0,-0.009680533795259905,-0.012290882269429537,0.004896494158340703,-0.01469158032797735,0.5410923103550395,-0.14285714285714288,-0.08571428571428573,disorder,rand,0.5,1,0.4
2,"(0, 1)","(2, 3)","(0, 5)",0.0,0.5,100.0,33.33333333333333,93.33333333333333,-0.008185650970572445,-0.036059825258318856,0.034819298476930216,-0.033420182318174896,0.5335702864425711,-0.6,0.4285714285714286,disorder,rand,0.5,1,0.4
3,"(0, 1)","(2, 3)","(0, 5)",0.0,0.5,100.0,33.33333333333333,93.33333333333333,0.05411668034687622,-0.02792042841168685,0.10561315296039764,-0.059405026263294025,0.524721046834376,-0.8857142857142858,0.4285714285714286,disorder,rand,0.5,1,0.4
1,"(2, 3)","(2, 3)","(1, 4)",1.0,0.0,93.33333333333333,93.33333333333333,60.0,-0.006296063361844739,-0.006296063361844739,0.005880820090032879,-0.005208037004678867,0.7032882983269735,0.8857142857142858,-0.6,disorder,rand,0.5,2,0.12
2,"(2, 3)","(2, 3)","(1, 4)",1.0,0.0,60.0,60.0,93.33333333333333,-0.031440666414046525,-0.031440666414046525,0.03443979781120987,-0.007219829699778191,0.7908377565248412,0.6571428571428573,-0.7142857142857143,disorder,rand,0.5,2,0.12
3,"(2, 3)","(2, 3)","(1, 4)",1.0,0.0,46.666666666666664,46.666666666666664,93.33333333333333,-0.06668820592681146,-0.06668820592681146,0.07474529253071571,-0.007478116789145006,0.8753857976466021,0.6571428571428573,-0.6,disorder,rand,0.5,2,0.12
1,"(3, 4)","(2, 3)","(1, 4)",0.5,0.5,93.33333333333333,40.0,100.0,-0.0023296519857685105,-0.014154419397671147,0.010550782889242605,-0.012683899486265193,0.7345486720655234,0.6571428571428573,-0.14285714285714288,disorder,rand,0.5,2,0.2
2,"(3, 4)","(2, 3)","(1, 4)",0.5,0.5,86.66666666666667,40.0,100.0,-0.005339764952313475,-0.06543518013623018,0.0642192019090615,-0.03268767016626739,0.6528213155762564,0.6571428571428573,-0.08571428571428573,disorder,rand,0.5,2,0.2
3,"(3, 4)","(2, 3)","(1, 4)",0.5,0.5,86.66666666666667,40.0,100.0,-0.00505279683288673,-0.1293156700475534,0.14821144473023073,-0.05949341877367109,0.6104059235230419,0.6571428571428573,-0.08571428571428573,disorder,rand,0.5,2,0.2
1,"(1, 4)","(2, 3)","(1, 4)",0.0,1.0,100.0,40.0,100.0,0.018279326653581895,-0.02659445385055359,0.018279326653581895,-0.025296845876899732,0.641749193967264,0.5428571428571429,0.4285714285714286,disorder,rand,0.5,2,0.3
2,"(1, 4)","(2, 3)","(1, 4)",0.0,1.0,100.0,40.0,100.0,0.10308247008345095,-0.10353287459129779,0.10308247008345095,-0.08052969304279578,0.5406496164533302,0.48571428571428577,0.3714285714285715,disorder,rand,0.5,2,0.3
3,"(1, 4)","(2, 3)","(1, 4)",0.0,1.0,100.0,40.0,100.0,0.2347899544592269,-0.16957336333453588,0.2347899544592269,-0.1549560658705178,0.5099492072195951,0.6,0.4285714285714286,disorder,rand,0.5,2,0.3
1,"(1, 4)","(2, 3)","(1, 4)",0.0,1.0,100.0,40.0,100.0,0.023109345664352743,-0.037426603698433314,0.023109345664352743,-0.0366092575028234,0.5716636272215799,0.14285714285714288,0.4285714285714286,disorder,rand,0.5,2,0.4
2,"(1, 4)","(2, 3)","(1, 4)",0.0,1.0,100.0,40.0,100.0,0.12686329069511948,-0.11673442983531568,0.12686329069511948,-0.11280762554834989,0.5000000000000008,0.3714285714285715,0.4285714285714286,disorder,rand,0.5,2,0.4
3,"(1, 4)","(2, 3)","(1, 4)",0.0,1.0,100.0,40.0,100.0,0.2955502458530901,-0.15526987120938696,0.2955502458530901,-0.19645344027615796,0.5000000000000001,0.8285714285714287,0.8857142857142858,disorder,rand,0.5,2,0.4
1,"(4, 5)","(2, 3)","(3, 4)",0.0,0.5,73.33333333333333,40.0,40.0,-0.0012191144705289703,0.0011209164077910505,0.0023256566754248365,-0.004943478314835492,0.5691887208622356,0.6,-0.6,disorder,rand,0.5,3,0.12
2,"(4, 5)","(2, 3)","(1, 3)",0.0,0.0,73.33333333333333,20.0,46.666666666666664,-0.00490720161383934,-0.0033074032443608514,0.010491037204037185,-0.010789892684467062,0.5339739704216975,0.3714285714285715,-0.08571428571428573,disorder,rand,0.5,3,0.12
3,"(4, 5)","(2, 3)","(1, 3)",0.0,0.0,73.33333333333333,40.0,46.666666666666664,-0.010588159562167077,-0.019280853504754572,0.041656619613396825,-0.017764597239412927,0.5097401201873976,0.08571428571428573,0.08571428571428573,disorder,rand,0.5,3,0.12
1,"(1, 5)","(2, 3)","(1, 3)",0.0,0.5,93.33333333333333,20.0,26.666666666666668,-0.0028062450243815373,0.00031389361300898644,0.0024965318238673317,-0.02090850588803672,0.6528369576299036,-0.3142857142857143,-0.2,disorder,rand,0.5,3,0.2
2,"(1, 5)","(2, 3)","(1, 3)",0.0,0.5,93.33333333333333,20.0,33.33333333333333,0.003510072826521382,-0.016869885693986397,0.015369132564675703,-0.04697510159053364,0.6284559197483668,-0.08571428571428573,0.2571428571428572,disorder,rand,0.5,3,0.2
3,"(1, 5)","(2, 3)","(1, 3)",0.0,0.5,100.0,20.0,46.666666666666664,0.03985733405038161,-0.05622429323567352,0.05079117117704757,-0.08782526422387327,0.5712098779098093,-0.028571428571428574,0.3714285714285715,disorder,rand,0.5,3,0.2
1,"(0, 1)","(2, 3)","(0, 3)",0.0,0.5,93.33333333333333,13.333333333333334,46.666666666666664,-0.002725627611042114,-0.007658714916939369,-0.00045114460537287737,-0.017967163974024314,0.6908251072475474,-0.3142857142857143,0.028571428571428574,disorder,rand,0.5,3,0.3
2,"(0, 1)","(2, 3)","(0, 1)",0.0,1.0,100.0,13.333333333333334,100.0,0.009106991133961406,-0.049795563409672505,0.009106991133961406,-0.04470385561834389,0.6585646600172196,-0.7714285714285715,0.7714285714285715,disorder,rand,0.5,3,0.3
3,"(0, 1)","(2, 3)","(0, 1)",0.0,1.0,100.0,13.333333333333334,100.0,0.07009718428973355,-0.10258229422501486,0.07009718428973355,-0.08049584865636628,0.6335275423522883,-0.4285714285714286,0.942857142857143,disorder,rand,0.5,3,0.3
1,"(0, 1)","(2, 3)","(0, 5)",0.0,0.5,100.0,33.33333333333333,53.333333333333336,-0.004112090070670371,-0.018845887980349918,0.0005396925842904299,-0.019057531798984173,0.5000000000000037,-0.48571428571428577,0.6,disorder,rand,0.5,3,0.4
2,"(0, 1)","(2, 3)","(0, 1)",0.0,1.0,100.0,26.666666666666668,100.0,0.01675967642181142,-0.07330841400871535,0.01675967642181142,-0.04955406726947109,0.5000000000000011,-0.7714285714285715,0.8857142857142858,disorder,rand,0.5,3,0.4
3,"(0, 1)","(2, 3)","(0, 1)",0.0,1.0,100.0,26.666666666666668,100.0,0.10343740081725228,-0.10281180915869936,0.10343740081725228,-0.09305984836926484,0.49999999999999983,-0.14285714285714288,0.942857142857143,disorder,rand,0.5,3,0.4
1,"(3, 5)","(2, 3)","(0, 2)",0.5,0.0,33.33333333333333,26.666666666666668,46.666666666666664,-0.00024190494254228145,-0.00011863647347953865,0.0021898226362232487,0.005120077619523378,0.7654281166122645,0.3142857142857143,-0.48571428571428577,disorder,rand,0.5,4,0.12
2,"(3, 5)","(2, 3)","(0, 2)",0.5,0.0,26.666666666666668,33.33333333333333,46.666666666666664,-0.0017323537210373052,-0.0016061470211778395,0.013798666724777753,0.011916150169135054,0.7606596878357461,-0.3714285714285715,-0.2571428571428572,disorder,rand,0.5,4,0.12
3,"(3, 5)","(2, 3)","(0, 5)",0.5,0.5,26.666666666666668,33.33333333333333,53.333333333333336,-0.00048163794406197447,-0.001307930367765442,0.03713219099236553,0.01430036755796299,0.7418416148209753,-0.5428571428571429,-0.14285714285714288,disorder,rand,0.5,4,0.12
1,"(3, 4)","(2, 3)","(0, 5)",0.5,0.0,100.0,33.33333333333333,53.333333333333336,-0.007695318270264373,-0.0027959474379973814,0.004673015896541899,-0.028770626988332104,0.5722307845938659,0.4285714285714286,-0.3142857142857143,disorder,rand,0.5,4,0.2
2,"(3, 4)","(2, 3)","(0, 2)",0.5,0.0,100.0,40.0,46.666666666666664,-0.020369266814525555,-0.014055355247580836,0.02775822197167821,-0.0577471140500081,0.5524476133769999,-0.4285714285714286,-0.3714285714285715,disorder,rand,0.5,4,0.2
3,"(3, 4)","(2, 3)","(0, 4)",0.5,0.5,100.0,40.0,93.33333333333333,-0.011366533687013347,-0.018924638008049888,0.07705208027262822,-0.08822774935056887,0.5410644831358348,-0.7142857142857143,-0.08571428571428573,disorder,rand,0.5,4,0.2
1,"(3, 4)","(2, 3)","(0, 2)",0.5,0.0,100.0,60.0,26.666666666666668,-0.009541860386669265,-0.00943099700862482,0.005790825865390481,-0.02912620130703203,0.5261236536809524,-0.4285714285714286,0.028571428571428574,disorder,rand,0.5,4,0.3
2,"(3, 4)","(2, 3)","(0, 4)",0.5,0.5,100.0,53.333333333333336,93.33333333333333,-0.015534971495710925,-0.030772331340093717,0.048905195266644164,-0.06118496380452626,0.5173406198582652,-0.6571428571428573,0.2,disorder,rand,0.5,4,0.3
3,"(3, 4)","(2, 3)","(0, 4)",0.5,0.5,100.0,40.0,93.33333333333333,0.02956426987367533,-0.029542705333421848,0.14483086692705816,-0.09892671214214765,0.5131248148435552,-0.6,0.2571428571428572,disorder,rand,0.5,4,0.3
1,"(3, 4)","(2, 3)","(0, 4)",0.5,0.5,100.0,66.66666666666666,86.66666666666667,-0.011723469688835753,-0.017341056656434706,0.00782484937871697,-0.025953844704686868,0.5000000000000043,-0.4285714285714286,0.5428571428571429,disorder,rand,0.5,4,0.4
2,"(3, 4)","(2, 3)","(0, 4)",0.5,0.5,100.0,53.333333333333336,86.66666666666667,-0.004413419039452915,-0.03753180846603754,0.061556030781632076,-0.06446219080109927,0.5000000000000018,-0.6571428571428573,0.6,disorder,rand,0.5,4,0.4
3,"(3, 4)","(2, 3)","(0, 4)",0.5,0.5,100.0,40.0,93.33333333333333,0.07475933586425287,-0.012355088886100707,0.17939688621358973,-0.1113276910652673,0.5000000000000002,-0.14285714285714288,0.7714285714285715,disorder,rand,0.5,4,0.4
1,"(1, 2)","(2, 3)","(2, 5)",0.5,0.5,46.666666666666664,86.66666666666667,20.0,-0.0009218879459746421,0.000610793880310434,0.0012074985651276855,0.006614421845311552,0.4881699044530579,0.8285714285714287,-0.2571428571428572,disorder,rand,0.5,5,0.12
2,"(1, 2)","(2, 3)","(3, 5)",0.5,0.0,46.666666666666664,86.66666666666667,73.33333333333333,-0.005500751238012858,0.004311469228409082,0.011774360732024185,0.01547485977669158,0.49015683141763317,0.14285714285714288,0.028571428571428574,disorder,rand,0.5,5,0.12
3,"(1, 2)","(2, 3)","(1, 3)",0.5,0.5,60.0,86.66666666666667,100.0,-0.0062335198735610775,0.01591374462652201,0.053580519408114036,0.022790359400219923,0.46111861091498096,0.3142857142857143,0.3142857142857143,disorder,rand,0.5,5,0.12
1,"(1, 2)","(2, 3)","(3, 5)",0.5,0.0,40.0,93.33333333333333,73.33333333333333,-0.006493351467707353,-0.00336335734707649,0.003606393157837423,0.006368975192436455,0.7636455281895753,0.4285714285714286,-0.3142857142857143,disorder,rand,0.5,5,0.2
2,"(1, 2)","(2, 3)","(3, 5)",0.5,0.0,40.0,93.33333333333333,73.33333333333333,-0.02811891118269072,-0.00784510239662195,0.02672524747898211,0.011791694630513716,0.72004931579795,0.2571428571428572,-0.14285714285714288,disorder,rand,0.5,5,0.2
3,"(1, 2)","(2, 3)","(1, 3)",0.5,0.5,60.0,93.33333333333333,80.0,-0.032709280061867796,0.006177029274352375,0.0808521682667751,0.012658444114098555,0.6716659103092788,0.2571428571428572,0.3142857142857143,disorder,rand,0.5,5,0.2
1,"(1, 3)","(2, 3)","(3, 5)",0.5,0.5,86.66666666666667,100.0,73.33333333333333,-0.0018066465699917433,-0.010410176800758064,0.0063940437478152146,-0.01506597584443925,0.7009398881602021,-0.028571428571428574,-0.08571428571428573,disorder,rand,0.5,5,0.3
2,"(1, 3)","(2, 3)","(3, 5)",0.5,0.5,80.0,100.0,66.66666666666666,0.01763919825480076,-0.022080628174347416,0.033919328754041245,-0.03653037460471065,0.6811092176837147,0.08571428571428573,0.14285714285714288,disorder,rand,0.5,5,0.3
3,"(1, 3)","(2, 3)","(1, 3)",0.5,1.0,86.66666666666667,100.0,86.66666666666667,0.10238120558122121,0.008403426254857682,0.10238120558122121,-0.08053912072725622,0.5890664093629974,-0.08571428571428573,0.6,disorder,rand,0.5,5,0.3
1,"(1, 3)","(2, 3)","(3, 5)",0.5,0.5,93.33333333333333,100.0,66.66666666666666,-0.004546871355031179,-0.017629943383167257,0.0060128973228470994,-0.021663635727100505,0.6968945085616581,0.08571428571428573,0.028571428571428574,disorder,rand,0.5,5,0.4
2,"(1, 3)","(2, 3)","(3, 5)",0.5,0.5,86.66666666666667,100.0,73.33333333333333,0.02828988169827351,-0.022530820022037545,0.03759186558616623,-0.04952959191863071,0.6842776980672638,0.08571428571428573,0.3142857142857143,disorder,rand,0.5,5,0.4
3,"(1, 3)","(2, 3)","(1, 3)",0.5,1.0,93.33333333333333,100.0,93.33333333333333,0.13885856446312128,0.036729387813049796,0.13885856446312128,-0.11010881774067738,0.5705700502328812,0.2,0.8285714285714287,disorder,rand,0.5,5,0.4
1,"(2, 3)","(2, 3)","(0, 4)",1.0,0.0,40.0,40.0,20.0,-0.001444543805744214,-0.001444543805744214,0.0031601377429689437,-0.0002998587253870699,0.8123518857155145,-0.2571428571428572,0.028571428571428574,disorder,rand,0.5,6,0.12
2,"(2, 3)","(2, 3)","(0, 4)",1.0,0.0,40.0,40.0,20.0,-0.005698535604471422,-0.005698535604471422,0.0033267083062488156,-0.000353057606359064,0.8140897239277389,0.2571428571428572,-0.2,disorder,rand,0.5,6,0.12
3,"(2, 3)","(2, 3)","(1, 4)",1.0,0.0,40.0,40.0,73.33333333333333,-0.004349920045146893,-0.004349920045146893,0.009832499512386628,-0.0017809311408919504,0.8190674369727996,-0.4285714285714286,0.14285714285714288,disorder,rand,0.5,6,0.12
1,"(2, 3)","(2, 3)","(0, 5)",1.0,0.0,60.0,60.0,40.0,-0.005975106464104485,-0.005975106464104485,0.001285258789279764,-0.005984839165751321,0.901308595414029,0.8857142857142858,-0.942857142857143,disorder,rand,0.5,6,0.2
2,"(2, 3)","(2, 3)","(1, 5)",1.0,0.0,66.66666666666666,66.66666666666666,100.0,-0.019815807269568664,-0.019815807269568664,0.006517040449873779,-0.013008209392103676,0.8867417348178575,0.8285714285714287,-0.7142857142857143,disorder,rand,0.5,6,0.2
3,"(2, 3)","(2, 3)","(1, 5)",1.0,0.0,66.66666666666666,66.66666666666666,100.0,-0.009575923111131424,-0.009575923111131424,0.0404557302100339,-0.02292979837939524,0.8618794588638435,0.2,0.08571428571428573,disorder,rand,0.5,6,0.2
1,"(2, 3)","(2, 3)","(1, 5)",1.0,0.0,93.33333333333333,93.33333333333333,46.666666666666664,-0.014866220568058308,-0.014866220568058308,0.0026047933295753056,-0.020746600012931937,0.7029952009476722,0.942857142857143,-0.6,disorder,rand,0.5,6,0.3
2,"(2, 3)","(2, 3)","(1, 5)",1.0,0.0,93.33333333333333,93.33333333333333,73.33333333333333,-0.03467209691093376,-0.03467209691093376,0.02265251192708706,-0.040612002672083314,0.716777430570757,0.7142857142857143,-0.2571428571428572,disorder,rand,0.5,6,0.3
3,"(2, 3)","(2, 3)","(1, 5)",1.0,0.0,93.33333333333333,93.33333333333333,73.33333333333333,0.0016542863629387394,0.0016542863629387394,0.07592867001974923,-0.06127853300663666,0.7166976736716963,0.14285714285714288,0.3142857142857143,disorder,rand,0.5,6,0.3
1,"(2, 3)","(2, 3)","(1, 5)",1.0,0.0,100.0,100.0,46.666666666666664,-0.022640806628880794,-0.022640806628880794,0.0028184979164436186,-0.027844887698339038,0.681023002824011,0.8857142857142858,-0.7142857142857143,disorder,rand,0.5,6,0.4
2,"(2, 3)","(2, 3)","(1, 5)",1.0,0.0,93.33333333333333,93.33333333333333,66.66666666666666,-0.03223035694064569,-0.03223035694064569,0.02562228186244797,-0.052392740517608116,0.7083827114771407,0.8857142857142858,0.3142857142857143,disorder,rand,0.5,6,0.4
3,"(2, 3)","(2, 3)","(1, 3)",1.0,0.5,93.33333333333333,93.33333333333333,80.0,0.028532377694512334,0.028532377694512334,0.10089047227487602,-0.07588224866648907,0.7171096193098266,0.14285714285714288,0.7142857142857143,disorder,rand,0.5,6,0.4
1,"(0, 4)","(2, 3)","(1, 3)",0.0,0.0,100.0,20.0,20.0,-0.003488735435540624,0.0022847495313130586,0.002617371301654875,-0.02353618547628822,0.5776009077789973,0.7714285714285715,-0.5428571428571429,disorder,rand,0.5,7,0.12
2,"(0, 4)","(2, 3)","(1, 2)",0.0,0.0,100.0,20.0,20.0,-0.005578495488730573,0.00257161770329091,0.004949824656279647,-0.04974941893030571,0.5758804805280382,0.3142857142857143,-0.3714285714285715,disorder,rand,0.5,7,0.12
3,"(0, 4)","(2, 3)","(2, 4)",0.0,0.5,100.0,20.0,46.666666666666664,0.004150212810666298,-0.00503682670429495,0.014000220446098166,-0.07920222764212415,0.5791981569670098,-0.08571428571428573,0.2571428571428572,disorder,rand,0.5,7,0.12
1,"(4, 5)","(2, 3)","(2, 3)",0.0,0.0,86.66666666666667,20.0,20.0,-0.004536936460307617,0.0025786109068740015,0.0025786109068740015,-0.02368020097489787,0.7336887566545994,0.8285714285714287,-0.7142857142857143,disorder,rand,0.5,7,0.2
2,"(4, 5)","(2, 3)","(2, 4)",0.0,0.5,86.66666666666667,20.0,46.666666666666664,-0.007660331390683117,-0.004083868140284663,0.0031353631668243342,-0.049449451448664195,0.731039082744169,0.2571428571428572,0.028571428571428574,disorder,rand,0.5,7,0.2
3,"(4, 5)","(2, 3)","(0, 4)",0.0,0.5,86.66666666666667,20.0,100.0,0.012952792338494223,-0.022784860651987315,0.02097467111630058,-0.07876782619459655,0.7230166977844923,-0.08571428571428573,0.5428571428571429,disorder,rand,0.5,7,0.2
1,"(4, 5)","(2, 3)","(0, 2)",0.0,0.0,93.33333333333333,20.0,46.666666666666664,-0.00583713074878367,-0.006024417280418859,-0.002322549053955514,-0.02463024138611636,0.646096449860106,0.3714285714285715,-0.48571428571428577,disorder,rand,0.5,7,0.3
2,"(4, 5)","(2, 3)","(0, 4)",0.0,0.5,93.33333333333333,20.0,100.0,-0.004520879284894974,-0.035645830463620354,0.002339968259899572,-0.053656035465458496,0.6253050843966231,-0.5428571428571429,0.3142857142857143,disorder,rand,0.5,7,0.3
3,"(4, 5)","(2, 3)","(0, 4)",0.0,0.5,100.0,20.0,93.33333333333333,0.04965948312469326,-0.06315145503045183,0.053498125187061984,-0.08766247374918423,0.600557722252623,-0.5428571428571429,0.7714285714285715,disorder,rand,0.5,7,0.3
1,"(4, 5)","(2, 3)","(0, 5)",0.0,0.5,93.33333333333333,66.66666666666666,66.66666666666666,-0.00679947039204154,-0.01843166952627706,-0.0012015861471809108,-0.023063250887458864,0.5040128729966935,0.08571428571428573,0.3142857142857143,disorder,rand,0.5,7,0.4
2,"(4, 5)","(2, 3)","(0, 4)",0.0,0.5,93.33333333333333,53.333333333333336,86.66666666666667,0.00446013473207274,-0.05963776724644432,0.016077671385243963,-0.05462196515211826,0.517041262003188,-0.5428571428571429,0.7142857142857143,disorder,rand,0.5,7,0.4
3,"(4, 5)","(2, 3)","(0, 4)",0.0,0.5,100.0,40.0,86.66666666666667,0.08119217088576547,-0.06792085653321733,0.08346806840849652,-0.0966671444583932,0.49999999999999856,-0.4285714285714286,0.8285714285714287,disorder,rand,0.5,7,0.4
1,"(3, 4)","(2, 3)","(1, 2)",0.5,0.0,26.666666666666668,20.0,20.0,-0.0010543510238852916,0.0016000568786704583,0.002593110071798105,-0.0017169842681620806,0.8780577324071491,0.2571428571428572,-0.7142857142857143,disorder,rand,0.5,8,0.12
2,"(3, 4)","(2, 3)","(2, 3)",0.5,0.5,26.666666666666668,20.0,20.0,-0.0007556718874457413,0.0035600929691342875,0.0035600929691342875,-0.0020597754768954535,0.9063473741652839,0.6,-0.3142857142857143,disorder,rand,0.5,8,0.12
3,"(3, 4)","(2, 3)","(3, 4)",0.5,1.0,26.666666666666668,20.0,26.666666666666668,0.011453572901762299,0.005556085557325147,0.011453572901762299,-0.004957193023871709,0.8936515217260824,0.3714285714285715,0.6,disorder,rand,0.5,8,0.12
1,"(3, 4)","(2, 3)","(1, 2)",0.5,0.0,40.0,20.0,6.666666666666667,-0.003749968174674434,-0.00038582700036982054,0.00039769642572462516,-0.0034678226256850686,0.9347806635323126,0.942857142857143,-0.8285714285714287,disorder,rand,0.5,8,0.2
2,"(3, 4)","(2, 3)","(0, 3)",0.5,0.5,40.0,20.0,80.0,-0.007690832536035308,-0.005789390744149747,-0.0021613524198377254,-0.00831821898498769,0.9229283045146446,-0.2571428571428572,0.3142857142857143,disorder,rand,0.5,8,0.2
3,"(3, 4)","(2, 3)","(3, 4)",0.5,1.0,40.0,20.0,40.0,0.020670741979900153,-0.005478998466020846,0.020670741979900153,-0.018628861602339675,0.8855385797591431,-0.48571428571428577,0.8857142857142858,disorder,rand,0.5,8,0.2
1,"(3, 4)","(2, 3)","(0, 5)",0.5,0.0,93.33333333333333,20.0,66.66666666666666,-0.010144731360272052,-0.00724469825377605,0.0005583298141481619,-0.012723547605231422,0.6323065085918322,0.3714285714285715,-0.14285714285714288,disorder,rand,0.5,8,0.3
2,"(3, 4)","(2, 3)","(0, 5)",0.5,0.0,93.33333333333333,33.33333333333333,66.66666666666666,-0.015254261735457852,-0.025965192402702675,0.008586951459358394,-0.030325050746551896,0.596681398726326,-0.3714285714285715,0.3714285714285715,disorder,rand,0.5,8,0.3
3,"(3, 4)","(2, 3)","(3, 4)",0.5,1.0,93.33333333333333,40.0,93.33333333333333,0.04442028855621283,-0.020731034429110617,0.04442028855621283,-0.05358232014087705,0.5834200797171887,-0.48571428571428577,0.8857142857142858,disorder,rand,0.5,8,0.3
1,"(4, 5)","(2, 3)","(0, 5)",0.0,0.5,93.33333333333333,66.66666666666666,46.666666666666664,-0.010841625768865937,-0.016462771224019512,0.0025408726103698376,-0.019974354609919587,0.6560749107344808,0.3142857142857143,-0.6,disorder,rand,0.5,8,0.4
2,"(4, 5)","(2, 3)","(0, 5)",0.0,0.5,93.33333333333333,80.0,60.0,-0.005283981690653583,-0.038154254780182195,0.012459005551826996,-0.047059062025147536,0.6560630199372853,-0.08571428571428573,-0.08571428571428573,disorder,rand,0.5,8,0.4
3,"(4, 5)","(2, 3)","(3, 4)",0.0,0.5,93.33333333333333,66.66666666666666,100.0,0.06580056241520249,-0.011898684804068638,0.06747736276985328,-0.0818116202814223,0.6324067480594884,-0.2571428571428572,0.7142857142857143,disorder,rand,0.5,8,0.4
1,"(2, 3)","(2, 3)","(0, 2)",1.0,0.5,100.0,100.0,66.66666666666666,-0.0024799720973456285,-0.0024799720973456285,0.0028404295111661426,-0.01727523049003843,0.5081366688626096,0.3714285714285715,-0.6,disorder,rand,0.5,9,0.12
2,"(2, 3)","(2, 3)","(0, 2)",1.0,0.5,100.0,100.0,66.66666666666666,-0.002719943887068421,-0.002719943887068421,0.019368043824765646,-0.03810714983581309,0.5000000000000057,-0.14285714285714288,-0.4285714285714286,disorder,rand,0.5,9,0.12
3,"(2, 3)","(2, 3)","(0, 2)",1.0,0.5,100.0,100.0,66.66666666666666,0.008254331364203615,0.008254331364203615,0.045976949912798215,-0.06380508234075677,0.5000000000000017,-0.3142857142857143,-0.3142857142857143,disorder,rand,0.5,9,0.12
1,"(2, 3)","(2, 3)","(0, 5)",1.0,0.0,100.0,100.0,40.0,-0.00500155557424331,-0.00500155557424331,0.0074069332167014945,-0.028025667921068642,0.500000000000005,0.48571428571428577,-0.6571428571428573,disorder,rand,0.5,9,0.2
2,"(2, 3)","(2, 3)","(0, 2)",1.0,0.5,100.0,100.0,73.33333333333333,-0.006478431009262486,-0.006478431009262486,0.04002894128672163,-0.06286390362601024,0.5000000000000029,0.2571428571428572,-0.2571428571428572,disorder,rand,0.5,9,0.2
3,"(2, 3)","(2, 3)","(0, 2)",1.0,0.5,100.0,100.0,73.33333333333333,0.019041580109883105,0.019041580109883105,0.10130122683198572,-0.10561649904528303,0.49999999999999917,0.028571428571428574,-0.2571428571428572,disorder,rand,0.5,9,0.2
1,"(2, 3)","(2, 3)","(0, 5)",1.0,0.0,100.0,100.0,33.33333333333333,-0.008226720272855315,-0.008226720272855315,0.012044187304957044,-0.035632876183095186,0.5000000000000012,0.6,-0.3714285714285715,disorder,rand,0.5,9,0.3
2,"(2, 3)","(2, 3)","(0, 2)",1.0,0.5,100.0,100.0,73.33333333333333,-0.006172243646859199,-0.006172243646859199,0.06043216478578972,-0.08254328046449433,0.5000000000000016,0.3714285714285715,-0.08571428571428573,disorder,rand,0.5,9,0.3
3,"(2, 3)","(2, 3)","(0, 2)",1.0,0.5,100.0,100.0,86.66666666666667,0.05145958535047568,0.05145958535047568,0.1621515702618581,-0.14135752863434797,0.49999999999999933,0.5428571428571429,0.08571428571428573,disorder,rand,0.5,9,0.3
1,"(0, 2)","(2, 3)","(0, 5)",0.5,0.5,80.0,100.0,33.33333333333333,0.008364374938319985,-0.011800811955851032,0.012195021108078186,-0.022764043155744984,0.724830876624302,0.3142857142857143,0.14285714285714288,disorder,rand,0.5,9,0.4
2,"(0, 2)","(2, 3)","(0, 2)",0.5,1.0,86.66666666666667,100.0,86.66666666666667,0.07411581967723846,0.0037734423508134496,0.07411581967723846,-0.06366000544579331,0.6674829226214266,0.3142857142857143,0.4285714285714286,disorder,rand,0.5,9,0.4
3,"(0, 2)","(2, 3)","(0, 2)",0.5,1.0,93.33333333333333,100.0,93.33333333333333,0.214769839507003,0.09820060073831904,0.214769839507003,-0.13258554843844594,0.6034707212728219,0.8285714285714287,0.6,disorder,rand,0.5,9,0.4
1,"(2, 3)","(2, 3)","(1, 3)",1.0,0.5,46.666666666666664,46.666666666666664,26.666666666666668,0.00029784102603291895,0.00029784102603291895,0.0031313820936235137,0.008844645731865497,0.37463252433984445,0.8857142857142858,0.3142857142857143,disorder,rand,1.0,0,0.12
2,"(2, 3)","(2, 3)","(1, 3)",1.0,0.5,60.0,60.0,26.666666666666668,0.0010289918979949908,0.0010289918979949908,0.010789707928135495,0.019712206760294726,0.3738679076117451,-0.48571428571428577,0.5428571428571429,disorder,rand,1.0,0,0.12
3,"(2, 3)","(2, 3)","(1, 3)",1.0,0.5,46.666666666666664,46.666666666666664,26.666666666666668,0.012600533224333965,0.012600533224333965,0.022108473984830956,0.03152323703217291,0.38012342623136036,-0.14285714285714288,0.7142857142857143,disorder,rand,1.0,0,0.12
1,"(2, 3)","(2, 3)","(1, 4)",1.0,0.0,60.0,60.0,93.33333333333333,-0.0045353301389661205,-0.0045353301389661205,0.005289200217640788,0.0043314157114670016,0.4846097202225392,0.2571428571428572,0.4285714285714286,disorder,rand,1.0,0,0.2
2,"(2, 3)","(2, 3)","(1, 4)",1.0,0.0,46.666666666666664,46.666666666666664,100.0,-0.01154321964131011,-0.01154321964131011,0.0321666314841873,0.009454457971567853,0.48021484382072765,-0.14285714285714288,0.3714285714285715,disorder,rand,1.0,0,0.2
3,"(2, 3)","(2, 3)","(1, 4)",1.0,0.0,40.0,40.0,100.0,0.01942998025240561,0.01942998025240561,0.06757471628114353,0.012675430243881625,0.48565983706015853,-0.48571428571428577,0.3714285714285715,disorder,rand,1.0,0,0.2
1,"(2, 3)","(2, 3)","(1, 4)",1.0,0.0,93.33333333333333,93.33333333333333,73.33333333333333,-0.013713583469713297,-0.013713583469713297,0.011683844483988404,-0.009938203311183114,0.5726477730412639,0.942857142857143,-0.2,disorder,rand,1.0,0,0.3
2,"(2, 3)","(2, 3)","(1, 4)",1.0,0.0,86.66666666666667,86.66666666666667,93.33333333333333,-0.02299289770234636,-0.02299289770234636,0.0666627823337218,-0.02359620276253105,0.5294782748913961,0.2571428571428572,0.48571428571428577,disorder,rand,1.0,0,0.3
3,"(2, 3)","(2, 3)","(1, 4)",1.0,0.0,73.33333333333333,73.33333333333333,93.33333333333333,0.04354784011750712,0.04354784011750712,0.14913588157403068,-0.04098176734822201,0.5554252506393794,0.14285714285714288,0.48571428571428577,disorder,rand,1.0,0,0.3
1,"(2, 3)","(2, 3)","(1, 4)",1.0,0.0,93.33333333333333,93.33333333333333,60.0,-0.021879847356288673,-0.021879847356288673,0.01669880165152904,-0.022332778662415564,0.5559100683710084,0.942857142857143,0.028571428571428574,disorder,rand,1.0,0,0.4
2,"(2, 3)","(2, 3)","(1, 4)",1.0,0.0,93.33333333333333,93.33333333333333,60.0,-0.015167933014890167,-0.015167933014890167,0.09772244152180809,-0.05558737926147783,0.5394268806912232,0.2571428571428572,0.4285714285714286,disorder,rand,1.0,0,0.4
3,"(2, 3)","(2, 3)","(1, 4)",1.0,0.0,93.33333333333333,93.33333333333333,53.333333333333336,0.07304333312355138,0.07304333312355138,0.20380015385925598,-0.08701155928603388,0.5723012543321317,0.3714285714285715,0.48571428571428577,disorder,rand,1.0,0,0.4
1,"(3, 4)","(2, 3)","(2, 4)",0.5,0.5,73.33333333333333,66.66666666666666,20.0,-0.0013101777502305678,-0.0015661438704765718,0.0031663154482543254,-0.0017039760810182991,0.5815770708361298,0.4285714285714286,-0.08571428571428573,disorder,rand,1.0,1,0.12
2,"(3, 4)","(2, 3)","(2, 4)",0.5,0.5,80.0,66.66666666666666,20.0,-0.00398401377025015,-0.004929037651057455,0.0036190655265333493,-0.0033065598818814435,0.5796026032170554,0.6,-0.08571428571428573,disorder,rand,1.0,1,0.12
3,"(3, 4)","(2, 3)","(0, 4)",0.5,0.5,73.33333333333333,80.0,60.0,0.0011917396737648467,-0.006865762210621629,0.012328492608627561,-0.0065030147640941505,0.5745902782324074,-0.7714285714285715,0.5428571428571429,disorder,rand,1.0,1,0.12
1,"(3, 4)","(2, 3)","(1, 2)",0.5,0.0,60.0,53.333333333333336,20.0,-0.00409664890754502,-0.0013149705912152143,0.0002137353031531064,-0.0029261846229461375,0.6758784852538925,0.8857142857142858,-0.942857142857143,disorder,rand,1.0,1,0.2
2,"(3, 4)","(2, 3)","(0, 3)",0.5,0.5,60.0,53.333333333333336,100.0,-0.010586922530528842,-0.0034650580197537195,0.007079720596842032,-0.00629145445832352,0.6723735069660066,0.08571428571428573,-0.08571428571428573,disorder,rand,1.0,1,0.2
3,"(3, 4)","(2, 3)","(0, 3)",0.5,0.5,60.0,53.333333333333336,93.33333333333333,0.009675815469139537,0.004189062972975721,0.051189770086996766,-0.0131467884021082,0.6670246644783896,-0.4285714285714286,0.5428571428571429,disorder,rand,1.0,1,0.2
1,"(3, 4)","(2, 3)","(0, 5)",0.5,0.0,80.0,40.0,100.0,-0.009836663773292731,-0.005069188857343421,0.0024504716256512626,-0.007610942658362596,0.7899566415591072,0.14285714285714288,-0.14285714285714288,disorder,rand,1.0,1,0.3
2,"(3, 4)","(2, 3)","(0, 3)",0.5,0.5,86.66666666666667,53.333333333333336,66.66666666666666,-0.018931816840920268,-0.013328301178995305,0.022466336499789574,-0.018028283432944936,0.7212314449136576,-0.08571428571428573,-0.028571428571428574,disorder,rand,1.0,1,0.3
3,"(3, 4)","(2, 3)","(0, 3)",0.5,0.5,93.33333333333333,73.33333333333333,60.0,0.024091349476983437,0.008439976043875808,0.08169689655174783,-0.034385963602886926,0.6456433535272907,-0.48571428571428577,0.6,disorder,rand,1.0,1,0.3
1,"(3, 4)","(2, 3)","(0, 5)",0.5,0.0,100.0,86.66666666666667,40.0,-0.017323979294938674,-0.013105059271110164,0.005447465756712178,-0.01817443984465361,0.5515793074970343,0.48571428571428577,-0.2,disorder,rand,1.0,1,0.4
2,"(3, 4)","(2, 3)","(0, 5)",0.5,0.0,100.0,93.33333333333333,60.0,-0.020306447739490974,-0.021372564895889012,0.02834312017906182,-0.04307587721584971,0.5544816665750812,-0.14285714285714288,0.2571428571428572,disorder,rand,1.0,1,0.4
3,"(3, 4)","(2, 3)","(3, 5)",0.5,0.5,100.0,93.33333333333333,86.66666666666667,0.04480606574303603,0.02201020218088212,0.10507287751145067,-0.0705782971291875,0.5631536462897057,-0.4285714285714286,0.7142857142857143,disorder,rand,1.0,1,0.4
1,"(4, 5)","(2, 3)","(1, 4)",0.0,0.5,46.666666666666664,93.33333333333333,40.0,-0.00023964149375887978,-0.0021315502395372055,0.004069855640369685,-0.007280378929150011,0.7529676939062157,0.942857142857143,-0.08571428571428573,disorder,rand,1.0,2,0.12
2,"(4, 5)","(2, 3)","(2, 4)",0.0,0.5,46.666666666666664,93.33333333333333,73.33333333333333,0.0022991937264027484,-0.007279242103785388,0.01630011677328902,-0.017742338011169534,0.8066566320458047,0.6571428571428573,0.3142857142857143,disorder,rand,1.0,2,0.12
3,"(4, 5)","(2, 3)","(2, 4)",0.0,0.5,46.666666666666664,93.33333333333333,73.33333333333333,0.007726332478726894,-0.007239519854735088,0.03740772784176616,-0.031608673809355836,0.7875981444020728,0.08571428571428573,0.6,disorder,rand,1.0,2,0.12
1,"(4, 5)","(2, 3)","(0, 4)",0.0,0.5,66.66666666666666,86.66666666666667,53.333333333333336,-0.0012301096117905974,-0.006110166694063279,0.0035647779958689757,-0.014192688484901628,0.7797968298066743,0.6,0.14285714285714288,disorder,rand,1.0,2,0.2
2,"(4, 5)","(2, 3)","(2, 4)",0.0,0.5,66.66666666666666,86.66666666666667,100.0,-0.00038012479491422724,-0.019604539710846303,0.028747980329832945,-0.033712272330880255,0.7275260633529729,0.2,0.2,disorder,rand,1.0,2,0.2
3,"(4, 5)","(2, 3)","(2, 4)",0.0,0.5,66.66666666666666,86.66666666666667,100.0,0.007470735093091374,-0.016716300154795416,0.07122470077675525,-0.058432999640920635,0.6793238014533928,0.028571428571428574,0.6,disorder,rand,1.0,2,0.2
1,"(2, 4)","(2, 3)","(2, 4)",0.5,1.0,100.0,80.0,100.0,0.006126175449271409,-0.016023808244247095,0.006126175449271409,-0.02668100690366515,0.6097863906275117,0.4285714285714286,0.48571428571428577,disorder,rand,1.0,2,0.3
2,"(2, 4)","(2, 3)","(2, 4)",0.5,1.0,100.0,80.0,100.0,0.04586338938050827,-0.04109102255641428,0.04586338938050827,-0.06199599681230783,0.5797453931936739,0.2571428571428572,0.5428571428571429,disorder,rand,1.0,2,0.3
3,"(2, 4)","(2, 3)","(2, 4)",0.5,1.0,100.0,80.0,100.0,0.12984388726414942,-0.02157132275088791,0.12984388726414942,-0.12271860694871362,0.5025630275644455,0.14285714285714288,0.5428571428571429,disorder,rand,1.0,2,0.3
1,"(2, 4)","(2, 3)","(2, 4)",0.5,1.0,100.0,66.66666666666666,100.0,0.006632935286715602,-0.024603509399179213,0.006632935286715602,-0.03412488734881858,0.648513670153651,0.4285714285714286,0.48571428571428577,disorder,rand,1.0,2,0.4
2,"(2, 4)","(2, 3)","(2, 4)",0.5,1.0,93.33333333333333,66.66666666666666,93.33333333333333,0.06785487524118783,-0.04371302934602361,0.06785487524118783,-0.08501448720508764,0.5914350127651036,0.4285714285714286,0.48571428571428577,disorder,rand,1.0,2,0.4
3,"(2, 4)","(2, 3)","(2, 4)",0.5,1.0,100.0,60.0,100.0,0.20757834999350577,0.002651853231915302,0.20757834999350577,-0.16720329719949212,0.506906420451989,0.6,0.48571428571428577,disorder,rand,1.0,2,0.4
1,"(3, 4)","(2, 3)","(0, 5)",0.5,0.0,100.0,60.0,33.33333333333333,-0.0031039401024901547,-0.000785479013559881,0.003819784965427564,-0.02145521982800558,0.5514139342953596,0.3714285714285715,-0.4285714285714286,disorder,rand,1.0,3,0.12
2,"(3, 4)","(2, 3)","(0, 5)",0.5,0.0,100.0,60.0,33.33333333333333,-0.002239331857870619,-0.0035151438094022103,0.016899227149400342,-0.04554563788310306,0.5402442691581543,-0.7142857142857143,-0.08571428571428573,disorder,rand,1.0,3,0.12
3,"(3, 4)","(2, 3)","(0, 3)",0.5,0.5,100.0,80.0,93.33333333333333,0.016879077949359944,-0.006455816136003989,0.05050450252124805,-0.07406110241635044,0.5345389022465025,-0.7714285714285715,-0.028571428571428574,disorder,rand,1.0,3,0.12
1,"(3, 4)","(2, 3)","(0, 5)",0.5,0.0,100.0,60.0,33.33333333333333,-0.005109042839898104,-0.0031814782507164074,0.006266470057703644,-0.0338288617919531,0.552167577386776,-0.2571428571428572,-0.08571428571428573,disorder,rand,1.0,3,0.2
2,"(3, 4)","(2, 3)","(0, 3)",0.5,0.5,100.0,80.0,93.33333333333333,0.0005431996596849675,-0.014924116755127559,0.033443674730626594,-0.07059830895372265,0.5342227860962607,-0.8285714285714287,0.2571428571428572,disorder,rand,1.0,3,0.2
3,"(3, 4)","(2, 3)","(0, 3)",0.5,0.5,100.0,86.66666666666667,93.33333333333333,0.04851652316161359,-0.02060020760533271,0.10693408231423951,-0.11464214173771814,0.5207777964354231,-0.8285714285714287,0.3714285714285715,disorder,rand,1.0,3,0.2
1,"(3, 4)","(2, 3)","(0, 5)",0.5,0.0,100.0,86.66666666666667,33.33333333333333,-0.004809113004886623,-0.00807628450558151,0.007614729724227942,-0.03291464954282475,0.5070136158754917,-0.7714285714285715,0.4285714285714286,disorder,rand,1.0,3,0.3
2,"(3, 4)","(2, 3)","(0, 3)",0.5,0.5,100.0,86.66666666666667,93.33333333333333,0.013105629038486777,-0.02333577358890171,0.06663724473349508,-0.07740812408102515,0.500000000000002,-0.8857142857142858,0.6,disorder,rand,1.0,3,0.3
3,"(3, 4)","(2, 3)","(0, 3)",0.5,0.5,100.0,80.0,93.33333333333333,0.10223461535048717,-0.008642464706541397,0.19136459315961307,-0.13518917146264697,0.5000000000000003,-0.7142857142857143,0.6,disorder,rand,1.0,3,0.3
1,"(3, 4)","(2, 3)","(0, 3)",0.5,0.5,100.0,93.33333333333333,80.0,-0.00551735852441837,-0.013754693799522821,0.010062725806743167,-0.03316088107000725,0.49999999999999956,-0.8857142857142858,0.6,disorder,rand,1.0,3,0.4
2,"(3, 4)","(2, 3)","(0, 3)",0.5,0.5,100.0,86.66666666666667,93.33333333333333,0.027051297508351446,-0.027456142188226895,0.08563160517196966,-0.09027257758273877,0.5000000000000024,-0.8857142857142858,0.6,disorder,rand,1.0,3,0.4
3,"(3, 4)","(2, 3)","(0, 3)",0.5,0.5,100.0,66.66666666666666,86.66666666666667,0.1409483751422469,0.008416869876318733,0.22008470332748886,-0.16222222947678977,0.4999999999999994,-0.2571428571428572,0.6,disorder,rand,1.0,3,0.4
1,"(4, 5)","(2, 3)","(2, 4)",0.0,0.5,73.33333333333333,53.333333333333336,33.33333333333333,2.3148210072931885e-05,-0.00042095064409955474,0.003710362085106167,-0.0010076994154728514,0.31811802342558726,0.48571428571428577,0.08571428571428573,disorder,rand,1.0,4,0.12
2,"(4, 5)","(2, 3)","(1, 4)",0.0,0.5,73.33333333333333,53.333333333333336,46.666666666666664,0.0010249519200361545,-0.0030194437172743546,0.016689234012443044,-0.002501570528809144,0.3258471269387773,-1.0,0.6,disorder,rand,1.0,4,0.12
3,"(4, 5)","(2, 3)","(1, 2)",0.0,0.0,73.33333333333333,53.333333333333336,66.66666666666666,0.003859540976673681,-0.0062063468377197145,0.0401848272205485,-0.004791754352804878,0.3272617993516382,-0.7714285714285715,0.48571428571428577,disorder,rand,1.0,4,0.12
1,"(1, 5)","(2, 3)","(2, 4)",0.0,0.0,93.33333333333333,60.0,53.333333333333336,-0.0008651038506579667,-0.00274990203269862,0.005613728141083962,-0.026677056551762668,0.6233405425465436,-0.48571428571428577,0.08571428571428573,disorder,rand,1.0,4,0.2
2,"(1, 5)","(2, 3)","(1, 2)",0.0,0.5,93.33333333333333,60.0,86.66666666666667,0.011751812749042356,-0.011019966944981335,0.03695655512343077,-0.06240894661801344,0.6038231129815356,-0.6,0.5428571428571429,disorder,rand,1.0,4,0.2
3,"(1, 5)","(2, 3)","(1, 2)",0.0,0.5,100.0,53.333333333333336,86.66666666666667,0.04400505883789485,-0.012675766684699663,0.09248482172993233,-0.10734011712021085,0.5905144024678923,-0.2571428571428572,0.5428571428571429,disorder,rand,1.0,4,0.2
1,"(1, 2)","(2, 3)","(1, 2)",0.5,1.0,100.0,80.0,100.0,0.008086571707000001,-0.008345880100000258,0.008086571707000001,-0.02655816500290742,0.672224335554918,-0.2,0.8285714285714287,disorder,rand,1.0,4,0.3
2,"(1, 2)","(2, 3)","(1, 2)",0.5,1.0,100.0,73.33333333333333,100.0,0.06279392110111415,-0.025869316577133983,0.06279392110111415,-0.08184972348927666,0.6201389138012239,0.028571428571428574,0.8285714285714287,disorder,rand,1.0,4,0.3
3,"(1, 2)","(2, 3)","(1, 2)",0.5,1.0,100.0,73.33333333333333,100.0,0.15882264695795567,-0.017269978029420263,0.15882264695795567,-0.15553099778583768,0.5872852557146344,0.4285714285714286,0.8857142857142858,disorder,rand,1.0,4,0.3
1,"(1, 2)","(2, 3)","(1, 2)",0.5,1.0,100.0,80.0,100.0,0.009326071482357312,-0.016719642166920512,0.009326071482357312,-0.038506098041983794,0.5334187451989809,-0.14285714285714288,0.942857142857143,disorder,rand,1.0,4,0.4
2,"(1, 2)","(2, 3)","(1, 2)",0.5,1.0,100.0,86.66666666666667,100.0,0.087576766769627,-0.03937734476557819,0.087576766769627,-0.11790946207390307,0.5166487640107871,0.08571428571428573,0.942857142857143,disorder,rand,1.0,4,0.4
3,"(1, 2)","(2, 3)","(1, 2)",0.5,1.0,100.0,80.0,100.0,0.2259958682699581,0.002011426366186897,0.2259958682699581,-0.21269092774429188,0.4999999999999983,0.48571428571428577,0.942857142857143,disorder,rand,1.0,4,0.4
1,"(3, 4)","(2, 3)","(0, 4)",0.5,0.5,73.33333333333333,80.0,60.0,7.329460618876737e-05,-0.003736556055495277,0.00570511348117142,-0.01321981198628186,0.3976537191530832,0.6571428571428573,-0.14285714285714288,disorder,rand,1.0,5,0.12
2,"(3, 4)","(2, 3)","(0, 4)",0.5,0.5,73.33333333333333,93.33333333333333,53.333333333333336,0.009552852322348704,-0.009182754867246012,0.023658438995743936,-0.029168211077730044,0.470250709048988,-0.2,0.4285714285714286,disorder,rand,1.0,5,0.12
3,"(3, 4)","(2, 3)","(0, 3)",0.5,0.5,86.66666666666667,93.33333333333333,100.0,0.0324562372102255,0.0018573246448232161,0.052851231750994376,-0.04840364161744737,0.47002561206958837,0.5428571428571429,0.3142857142857143,disorder,rand,1.0,5,0.12
1,"(3, 4)","(2, 3)","(0, 4)",0.5,0.5,100.0,86.66666666666667,60.0,0.0013203187729349253,-0.006878034926038057,0.010733870548799151,-0.022885225414212118,0.5000000000000084,0.08571428571428573,-0.14285714285714288,disorder,rand,1.0,5,0.2
2,"(3, 4)","(2, 3)","(0, 4)",0.5,0.5,100.0,86.66666666666667,80.0,0.024585031428420168,-0.01992548888844259,0.052732433366620146,-0.053762537847104164,0.500000000000001,-0.3142857142857143,0.08571428571428573,disorder,rand,1.0,5,0.2
3,"(3, 4)","(2, 3)","(0, 3)",0.5,0.5,100.0,86.66666666666667,93.33333333333333,0.07757540135830521,-0.00673440205906789,0.12566776196139773,-0.09478424474767855,0.4999999999999995,0.3714285714285715,0.08571428571428573,disorder,rand,1.0,5,0.2
1,"(3, 4)","(2, 3)","(0, 4)",0.5,0.5,100.0,66.66666666666666,86.66666666666667,0.0037618671066230736,-0.012197158171373401,0.019702297058953322,-0.027761316089152888,0.500000000000004,-0.4285714285714286,0.3714285714285715,disorder,rand,1.0,5,0.3
2,"(3, 4)","(2, 3)","(0, 4)",0.5,0.5,100.0,60.0,86.66666666666667,0.04300980065670146,-0.04008342280525545,0.10255185991553284,-0.0784435037373501,0.5000000000000036,-0.3714285714285715,0.3714285714285715,disorder,rand,1.0,5,0.3
3,"(3, 4)","(2, 3)","(0, 4)",0.5,0.5,100.0,53.333333333333336,93.33333333333333,0.1252809112283504,-0.04365498208441454,0.21071819945455483,-0.1469409416563282,0.49999999999999906,-0.08571428571428573,0.3714285714285715,disorder,rand,1.0,5,0.3
1,"(3, 4)","(2, 3)","(0, 4)",0.5,0.5,100.0,66.66666666666666,86.66666666666667,0.004107555000296692,-0.020746777906067437,0.02888864740780095,-0.03583795601354356,0.49999999999999867,-0.028571428571428574,0.6,disorder,rand,1.0,5,0.4
2,"(3, 4)","(2, 3)","(0, 4)",0.5,0.5,100.0,53.333333333333336,93.33333333333333,0.05708006042011826,-0.061902861515592544,0.14745466594690781,-0.1069414387039288,0.5000000000000029,0.2,0.6571428571428573,disorder,rand,1.0,5,0.4
3,"(3, 4)","(2, 3)","(0, 4)",0.5,0.5,100.0,53.333333333333336,93.33333333333333,0.15814408332692653,-0.06120531500657389,0.2974961879426441,-0.19378932129941484,0.4999999999999988,0.7714285714285715,0.6,disorder,rand,1.0,5,0.4
1,"(3, 4)","(2, 3)","(3, 5)",0.5,0.5,80.0,40.0,40.0,-0.0020548932766259465,6.604330822154725e-07,0.003921488648623295,-0.011737363451851501,0.36778174183101686,0.4285714285714286,0.14285714285714288,disorder,rand,1.0,6,0.12
2,"(3, 4)","(2, 3)","(1, 3)",0.5,0.5,80.0,40.0,46.666666666666664,-0.005702480578682612,-0.004739676092071279,0.014761898093956227,-0.02525133055487802,0.3575733515896856,0.2571428571428572,-0.028571428571428574,disorder,rand,1.0,6,0.12
3,"(3, 4)","(2, 3)","(1, 3)",0.5,0.5,80.0,40.0,46.666666666666664,-0.00889585973774365,-0.010284858797232899,0.02836338907078184,-0.040536618330082735,0.3539844712238682,-0.2,0.2571428571428572,disorder,rand,1.0,6,0.12
1,"(1, 4)","(2, 3)","(1, 5)",0.0,0.5,100.0,20.0,53.333333333333336,-0.001410929833004504,-0.00505586821576004,0.0046253843383955995,-0.026647244684993576,0.5291192475812005,0.08571428571428573,0.2571428571428572,disorder,rand,1.0,6,0.2
2,"(1, 4)","(2, 3)","(1, 3)",0.0,0.5,100.0,20.0,46.666666666666664,0.009715915382095819,-0.028940745865256093,0.021760778582625706,-0.05274677341401657,0.5329378910228688,-0.08571428571428573,0.3714285714285715,disorder,rand,1.0,6,0.2
3,"(1, 4)","(2, 3)","(1, 4)",0.0,1.0,100.0,20.0,100.0,0.04090863718919868,-0.052250561212216357,0.04090863718919868,-0.07811604114910453,0.5358782339344349,-0.48571428571428577,0.942857142857143,disorder,rand,1.0,6,0.2
1,"(3, 4)","(2, 3)","(1, 3)",0.5,0.5,100.0,66.66666666666666,60.0,-0.0015806249935357286,-0.01362678618740093,0.004889067091952137,-0.020498209917623744,0.5430807134334755,-0.08571428571428573,0.3142857142857143,disorder,rand,1.0,6,0.3
2,"(3, 4)","(2, 3)","(1, 3)",0.5,0.5,100.0,80.0,73.33333333333333,0.013017967583502932,-0.04808192872577499,0.03624263160378671,-0.05183520169701872,0.5239891470672878,-0.48571428571428577,0.7714285714285715,disorder,rand,1.0,6,0.3
3,"(3, 4)","(2, 3)","(1, 3)",0.5,0.5,100.0,60.0,80.0,0.06621514791632088,-0.050801956073931176,0.08333449698728512,-0.08928970921338242,0.5190060575624966,-0.3142857142857143,0.7714285714285715,disorder,rand,1.0,6,0.3
1,"(3, 4)","(2, 3)","(1, 3)",0.5,0.5,100.0,66.66666666666666,53.333333333333336,-0.0018102589178381479,-0.02106460626044221,0.008100602701451853,-0.026090288909216053,0.5022218704472494,-0.3142857142857143,0.3714285714285715,disorder,rand,1.0,6,0.4
2,"(3, 4)","(2, 3)","(1, 3)",0.5,0.5,100.0,80.0,66.66666666666666,0.028691921653112296,-0.05524596140101812,0.05797753642783787,-0.0704729458649197,0.5010283073959537,-0.3142857142857143,0.7714285714285715,disorder,rand,1.0,6,0.4
3,"(3, 4)","(2, 3)","(1, 3)",0.5,0.5,100.0,53.333333333333336,73.33333333333333,0.11016836385367879,-0.03731662105594863,0.12450634456258713,-0.12012574902061801,0.49999999999999906,0.14285714285714288,0.7714285714285715,disorder,rand,1.0,6,0.4
1,"(4, 5)","(2, 3)","(1, 3)",0.0,0.0,73.33333333333333,33.33333333333333,66.66666666666666,-0.002972791728002022,-0.0006683445707433844,0.005990402749194157,-0.0010119319542175043,0.4659740620524146,-0.08571428571428573,-0.08571428571428573,disorder,rand,1.0,7,0.12
2,"(4, 5)","(2, 3)","(1, 3)",0.0,0.0,46.666666666666664,33.33333333333333,93.33333333333333,-0.016863267736246523,-0.0032673276581651756,0.03836608299241151,-0.00045765313941642516,0.4718434691291627,-0.4285714285714286,0.2,disorder,rand,1.0,7,0.12
3,"(4, 5)","(2, 3)","(1, 3)",0.0,0.0,46.666666666666664,33.33333333333333,93.33333333333333,-0.03947272838813076,-0.006126802891130434,0.09033374339147304,0.0016335893873666296,0.4773939865629457,-0.4285714285714286,0.2,disorder,rand,1.0,7,0.12
1,"(1, 3)","(2, 3)","(1, 3)",0.5,1.0,100.0,66.66666666666666,100.0,0.010468228403217594,-0.00827205685815291,0.010468228403217594,-0.022662870361376264,0.5752147095682502,0.6,0.48571428571428577,disorder,rand,1.0,7,0.2
2,"(1, 3)","(2, 3)","(1, 3)",0.5,1.0,100.0,66.66666666666666,100.0,0.06349864153421425,-0.029406924608162965,0.06349864153421425,-0.057904939489471396,0.5403666505091127,0.6,0.48571428571428577,disorder,rand,1.0,7,0.2
3,"(1, 3)","(2, 3)","(1, 3)",0.5,1.0,100.0,80.0,100.0,0.14610887562966468,-0.04498269011361966,0.14610887562966468,-0.10274250486478287,0.5171583006671785,0.3714285714285715,0.48571428571428577,disorder,rand,1.0,7,0.2
1,"(1, 3)","(2, 3)","(1, 3)",0.5,1.0,100.0,93.33333333333333,100.0,0.01867278229938707,-0.01918674054189662,0.01867278229938707,-0.03209275666339073,0.6135124645005269,0.5428571428571429,0.4285714285714286,disorder,rand,1.0,7,0.3
2,"(1, 3)","(2, 3)","(1, 3)",0.5,1.0,100.0,93.33333333333333,100.0,0.10554184858259763,-0.049670512986259574,0.10554184858259763,-0.08909013512786645,0.5513105986758856,0.5428571428571429,0.4285714285714286,disorder,rand,1.0,7,0.3
3,"(1, 3)","(2, 3)","(1, 3)",0.5,1.0,100.0,73.33333333333333,100.0,0.2530566350435448,-0.03505520972037157,0.2530566350435448,-0.17055608396403432,0.4999999999999993,0.48571428571428577,0.48571428571428577,disorder,rand,1.0,7,0.3
1,"(1, 3)","(2, 3)","(1, 3)",0.5,1.0,100.0,93.33333333333333,100.0,0.02286773458383018,-0.027375501729154372,0.02286773458383018,-0.04874321118584102,0.5450757017550262,0.48571428571428577,0.48571428571428577,disorder,rand,1.0,7,0.4
2,"(1, 3)","(2, 3)","(1, 3)",0.5,1.0,100.0,80.0,100.0,0.14405321999365062,-0.04961302498091569,0.14405321999365062,-0.12156212021800583,0.5220412551822334,0.5428571428571429,0.4285714285714286,disorder,rand,1.0,7,0.4
3,"(1, 3)","(2, 3)","(1, 3)",0.5,1.0,100.0,73.33333333333333,100.0,0.34237956568083594,0.005157123304740385,0.34237956568083594,-0.22174475003695493,0.49999999999999917,0.8285714285714287,0.4285714285714286,disorder,rand,1.0,7,0.4
1,"(1, 2)","(2, 3)","(0, 3)",0.5,0.0,100.0,73.33333333333333,40.0,-0.005953999373787822,-0.0022473428849340005,0.003977026616691082,-0.022153730453750353,0.5000000000000033,0.942857142857143,-0.48571428571428577,disorder,rand,1.0,8,0.12
2,"(1, 2)","(2, 3)","(0, 3)",0.5,0.0,100.0,80.0,40.0,-0.014746678707585614,-0.006455054225475154,0.008018675942285947,-0.04307646047125391,0.5000000000000022,0.942857142857143,-0.48571428571428577,disorder,rand,1.0,8,0.12
3,"(1, 2)","(2, 3)","(3, 5)",0.5,0.0,100.0,80.0,40.0,-0.005528081308434629,-0.0019449075234342916,0.003734988727607143,-0.06840157541720127,0.5000000000000026,0.6571428571428573,-0.5428571428571429,disorder,rand,1.0,8,0.12
1,"(1, 2)","(2, 3)","(0, 5)",0.5,0.0,100.0,80.0,40.0,-0.010668823392756543,-0.006353403128861457,0.004027318722671716,-0.027283525440803036,0.49999999999999656,0.942857142857143,-0.6,disorder,rand,1.0,8,0.2
2,"(1, 2)","(2, 3)","(0, 5)",0.5,0.0,100.0,93.33333333333333,40.0,-0.024204208005262906,-0.020059617215399395,0.008866472246871482,-0.051570825994559866,0.49999999999999883,0.8857142857142858,-0.6,disorder,rand,1.0,8,0.2
3,"(1, 2)","(2, 3)","(1, 5)",0.5,0.5,100.0,93.33333333333333,60.0,0.005515828833836389,-0.011026196335362504,0.012751242533486015,-0.08229577853573755,0.4999999999999984,0.4285714285714286,0.08571428571428573,disorder,rand,1.0,8,0.2
1,"(0, 1)","(2, 3)","(0, 5)",0.0,0.5,93.33333333333333,66.66666666666666,33.33333333333333,-0.0075102942380445015,-0.010386785063478676,0.00477916795465036,-0.018043840788764753,0.6908209923346487,0.7142857142857143,-0.6571428571428573,disorder,rand,1.0,8,0.3
2,"(0, 1)","(2, 3)","(0, 5)",0.0,0.5,93.33333333333333,66.66666666666666,60.0,-0.009462730484723902,-0.02540390089798561,0.015591806421424645,-0.04887290074257866,0.6332384968725093,0.5428571428571429,-0.6571428571428573,disorder,rand,1.0,8,0.3
3,"(0, 1)","(2, 3)","(1, 5)",0.0,0.5,93.33333333333333,66.66666666666666,86.66666666666667,0.03219496954607215,0.00036204489126501205,0.04512976007137792,-0.08630311263905566,0.6201382823544627,0.5428571428571429,0.3714285714285715,disorder,rand,1.0,8,0.3
1,"(0, 1)","(2, 3)","(0, 5)",0.0,0.5,100.0,40.0,60.0,-0.01346637512302018,-0.014992612236599534,0.0053539913782113535,-0.038595901811620204,0.6055102813921918,0.7142857142857143,-0.6571428571428573,disorder,rand,1.0,8,0.4
2,"(0, 1)","(2, 3)","(0, 5)",0.0,0.5,100.0,46.666666666666664,66.66666666666666,0.0016449414245855998,-0.025171156510023773,0.017639597786900524,-0.089309561133039,0.6168947465127164,0.2571428571428572,-0.08571428571428573,disorder,rand,1.0,8,0.4
3,"(0, 1)","(2, 3)","(0, 1)",0.0,1.0,100.0,46.666666666666664,100.0,0.08334544960397539,0.020581876290535206,0.08334544960397539,-0.14907092601674976,0.6147490560362774,0.8285714285714287,0.6571428571428573,disorder,rand,1.0,8,0.4
1,"(2, 3)","(2, 3)","(0, 4)",1.0,0.0,100.0,100.0,40.0,-0.0029187190415602693,-0.0029187190415602693,0.0014322668552357865,-0.023907956628797633,0.5000000000000063,0.7714285714285715,-0.6571428571428573,disorder,rand,1.0,9,0.12
2,"(2, 3)","(2, 3)","(0, 2)",1.0,0.5,100.0,100.0,73.33333333333333,-0.0025235131204337513,-0.0025235131204337513,0.00858762685217479,-0.05160918709883311,0.500000000000004,0.7142857142857143,0.08571428571428573,disorder,rand,1.0,9,0.12
3,"(2, 3)","(2, 3)","(0, 2)",1.0,0.5,100.0,100.0,73.33333333333333,0.010893899343965563,0.010893899343965563,0.03376551541373285,-0.08380032289973016,0.4999999999999983,0.7142857142857143,0.08571428571428573,disorder,rand,1.0,9,0.12
1,"(2, 3)","(2, 3)","(0, 2)",1.0,0.5,100.0,100.0,53.333333333333336,-0.0043764902189202814,-0.0043764902189202814,0.00412652749963438,-0.040445602190988694,0.5000000000000064,0.7714285714285715,-0.08571428571428573,disorder,rand,1.0,9,0.2
2,"(2, 3)","(2, 3)","(0, 2)",1.0,0.5,100.0,100.0,73.33333333333333,0.0019878159650943417,0.0019878159650943417,0.024102768446762346,-0.08912101020449148,0.5000000000000038,0.7714285714285715,-0.028571428571428574,disorder,rand,1.0,9,0.2
3,"(2, 3)","(2, 3)","(0, 2)",1.0,0.5,100.0,100.0,73.33333333333333,0.04164173377769753,0.04164173377769753,0.0608518714318676,-0.1465459696135979,0.5000000000000006,0.7142857142857143,0.3142857142857143,disorder,rand,1.0,9,0.2
1,"(2, 3)","(2, 3)","(0, 2)",1.0,0.5,100.0,100.0,80.0,-0.005024666347794859,-0.005024666347794859,0.007585404064520129,-0.055224041297040616,0.5000000000000009,0.6,-0.028571428571428574,disorder,rand,1.0,9,0.3
2,"(2, 3)","(2, 3)","(0, 2)",1.0,0.5,100.0,100.0,80.0,0.02187231933662548,0.02187231933662548,0.04126112807295246,-0.12897219364603996,0.5000000000000012,0.7142857142857143,0.08571428571428573,disorder,rand,1.0,9,0.3
3,"(2, 3)","(2, 3)","(2, 3)",1.0,1.0,100.0,100.0,100.0,0.12412357721556022,0.12412357721556022,0.12412357721556022,-0.21932659453698766,0.4999999999999991,0.8285714285714287,0.48571428571428577,disorder,rand,1.0,9,0.3
1,"(2, 3)","(2, 3)","(0, 2)",1.0,0.5,100.0,100.0,80.0,-0.005115982963561638,-0.005115982963561638,0.009087489243552738,-0.06669685751286669,0.4999999999999988,0.6,-0.028571428571428574,disorder,rand,1.0,9,0.4
2,"(2, 3)","(2, 3)","(0, 2)",1.0,0.5,100.0,100.0,80.0,0.0562937994583379,0.0562937994583379,0.05731830824682732,-0.1630579450012446,0.5000000000000013,0.7142857142857143,0.3142857142857143,disorder,rand,1.0,9,0.4
3,"(2, 3)","(2, 3)","(2, 3)",1.0,1.0,100.0,100.0,100.0,0.21220042863407618,0.21220042863407618,0.21220042863407618,-0.27637610737770846,0.4999999999999993,1.0,0.48571428571428577,disorder,rand,1.0,9,0.4
1,"(1, 2)","(2, 3)","(3, 5)",0.5,0.0,86.66666666666667,40.0,60.0,-0.0024449368504132762,0.0005504028580426146,0.005307642760488118,-0.007077183610563517,0.3518895051592774,-0.48571428571428577,0.08571428571428573,disorder,rand,2.0,0,0.12
2,"(1, 2)","(2, 3)","(1, 3)",0.5,0.5,86.66666666666667,60.0,93.33333333333333,-0.006141893913498286,-0.005690621870277912,0.03137578336499525,-0.012729628761775386,0.3152415821855551,0.48571428571428577,0.08571428571428573,disorder,rand,2.0,0,0.12
3,"(1, 2)","(2, 3)","(1, 3)",0.5,0.5,93.33333333333333,60.0,86.66666666666667,-0.001286897510404672,-0.025073829705034023,0.08011086196246797,-0.02103063726771076,0.3001222608770126,0.8857142857142858,0.08571428571428573,disorder,rand,2.0,0,0.12
1,"(1, 3)","(2, 3)","(3, 5)",0.5,0.5,80.0,40.0,60.0,0.01306585606360322,-2.6701554196595367e-05,0.013938298346597433,-0.0167113037716482,0.569536354607908,-0.2,0.48571428571428577,disorder,rand,2.0,0,0.2
2,"(1, 3)","(2, 3)","(1, 3)",0.5,1.0,86.66666666666667,60.0,86.66666666666667,0.07356999243441686,-0.012919477972049564,0.07356999243441686,-0.04616816460888851,0.532135157403097,0.3142857142857143,0.5428571428571429,disorder,rand,2.0,0,0.2
3,"(1, 3)","(2, 3)","(1, 3)",0.5,1.0,80.0,60.0,80.0,0.1629355977067093,-0.04361996316699951,0.1629355977067093,-0.0844695974071139,0.5292904640160394,0.7714285714285715,0.48571428571428577,disorder,rand,2.0,0,0.2
1,"(1, 3)","(2, 3)","(1, 3)",0.5,1.0,100.0,86.66666666666667,100.0,0.02538190223057235,-0.003305436286944463,0.02538190223057235,-0.026355834719182236,0.499999999999995,0.08571428571428573,0.8285714285714287,disorder,rand,2.0,0,0.3
2,"(1, 3)","(2, 3)","(1, 3)",0.5,1.0,100.0,93.33333333333333,100.0,0.12325657646789168,-0.008446802970072942,0.12325657646789168,-0.07702436715215089,0.5000000000000026,0.08571428571428573,0.6571428571428573,disorder,rand,2.0,0,0.3
3,"(1, 3)","(2, 3)","(1, 3)",0.5,1.0,100.0,93.33333333333333,100.0,0.2531102179379119,-0.0037900278305286195,0.2531102179379119,-0.14190800521675584,0.4999999999999997,0.6,0.6571428571428573,disorder,rand,2.0,0,0.3
1,"(1, 3)","(2, 3)","(1, 3)",0.5,1.0,86.66666666666667,93.33333333333333,86.66666666666667,0.0353178370063123,-0.005440817489445471,0.0353178370063123,-0.039619430038000836,0.5100117488279748,0.14285714285714288,0.6,disorder,rand,2.0,0,0.4
2,"(1, 3)","(2, 3)","(1, 3)",0.5,1.0,86.66666666666667,100.0,86.66666666666667,0.16401267521363283,0.009819129843033347,0.16401267521363283,-0.10959259175572567,0.5000000000000017,0.4285714285714286,0.6,disorder,rand,2.0,0,0.4
3,"(1, 3)","(2, 3)","(1, 3)",0.5,1.0,100.0,93.33333333333333,100.0,0.3299730766308173,0.056672444405850286,0.3299730766308173,-0.18981008460383375,0.49999999999999983,0.8857142857142858,0.6,disorder,rand,2.0,0,0.4
1,"(3, 4)","(2, 3)","(1, 5)",0.5,0.0,86.66666666666667,93.33333333333333,53.333333333333336,-0.0014541223495068145,-0.0007735398038956516,0.004976105153630117,-0.0020085247501405445,0.17878525977202442,0.48571428571428577,-0.3714285714285715,disorder,rand,2.0,1,0.12
2,"(3, 4)","(2, 3)","(3, 5)",0.5,0.5,93.33333333333333,86.66666666666667,80.0,-0.01091831150718342,0.006295187022037187,0.024179374359347694,-0.0011690271986879164,0.11635408004866106,0.942857142857143,-0.08571428571428573,disorder,rand,2.0,1,0.12
3,"(3, 4)","(2, 3)","(3, 5)",0.5,0.5,93.33333333333333,86.66666666666667,80.0,-0.023962895821970642,0.023829731753625162,0.05763360256288763,0.0004507855603001071,0.11656613437017448,1.0,-0.028571428571428574,disorder,rand,2.0,1,0.12
1,"(3, 4)","(2, 3)","(1, 5)",0.5,0.0,86.66666666666667,93.33333333333333,53.333333333333336,-0.0060942772242042476,-0.0025172935771247684,0.014103148066908489,-0.009348477889173007,0.34144052434932626,0.3714285714285715,0.08571428571428573,disorder,rand,2.0,1,0.2
2,"(3, 4)","(2, 3)","(3, 5)",0.5,0.5,93.33333333333333,86.66666666666667,73.33333333333333,-0.0336060923727885,0.010105765671791465,0.05673734093929128,-0.011123945420648318,0.18382301660038702,0.7714285714285715,0.2571428571428572,disorder,rand,2.0,1,0.2
3,"(3, 4)","(2, 3)","(3, 5)",0.5,0.5,93.33333333333333,86.66666666666667,73.33333333333333,-0.06373867251317333,0.03743922557008544,0.1207792329752333,-0.010585644454905258,0.1118113429851537,0.8285714285714287,0.2571428571428572,disorder,rand,2.0,1,0.2
1,"(3, 4)","(2, 3)","(1, 5)",0.5,0.0,86.66666666666667,93.33333333333333,53.333333333333336,-0.013353519205015485,-0.007752073259761419,0.02683818010458583,-0.012190690925230008,0.2904376588811354,0.2571428571428572,0.028571428571428574,disorder,rand,2.0,1,0.3
2,"(3, 4)","(2, 3)","(3, 5)",0.5,0.5,93.33333333333333,86.66666666666667,73.33333333333333,-0.05929360426697672,0.0035360906105885714,0.08063366881398748,-0.010200291259173544,0.13682376257325327,0.8285714285714287,0.2571428571428572,disorder,rand,2.0,1,0.3
3,"(3, 4)","(2, 3)","(3, 5)",0.5,0.5,93.33333333333333,86.66666666666667,73.33333333333333,-0.0901374140387523,0.02660067248294075,0.1598481359832571,-0.007845532868940797,0.12846026400184568,0.8285714285714287,0.2571428571428572,disorder,rand,2.0,1,0.3
1,"(3, 5)","(2, 3)","(1, 5)",0.5,0.5,73.33333333333333,93.33333333333333,53.333333333333336,0.023000873262102317,-0.015001161128125884,0.038675495647992886,-0.017502902021969025,0.46627973295696845,0.08571428571428573,0.2571428571428572,disorder,rand,2.0,1,0.4
2,"(3, 5)","(2, 3)","(1, 5)",0.5,0.5,60.0,86.66666666666667,73.33333333333333,0.09661178253879465,-0.005592149383231507,0.10557225629461708,-0.043248982646611256,0.5569135377698144,0.7714285714285715,0.3714285714285715,disorder,rand,2.0,1,0.4
3,"(3, 5)","(2, 3)","(3, 5)",0.5,1.0,60.0,80.0,60.0,0.19553575567927362,0.011579312400651215,0.19553575567927362,-0.06788835483159661,0.5594003670905998,0.7714285714285715,0.5428571428571429,disorder,rand,2.0,1,0.4
1,"(0, 1)","(2, 3)","(1, 4)",0.0,0.5,86.66666666666667,40.0,100.0,0.0010347899568619034,-0.0026811681930832268,0.003949987492959384,-0.0034447072274212953,0.543006752457238,-0.5428571428571429,0.6,disorder,rand,2.0,2,0.12
2,"(0, 1)","(2, 3)","(1, 4)",0.0,0.5,86.66666666666667,40.0,100.0,0.008496892509949339,-0.012941877539009439,0.020333350958298135,-0.010244005098862363,0.5415427743840442,0.08571428571428573,0.3142857142857143,disorder,rand,2.0,2,0.12
3,"(0, 1)","(2, 3)","(1, 4)",0.0,0.5,86.66666666666667,40.0,100.0,0.02198641039768745,-0.027826638941157184,0.04338297965992832,-0.020267585593196413,0.5006415850744871,0.8285714285714287,0.2571428571428572,disorder,rand,2.0,2,0.12
1,"(0, 1)","(2, 3)","(1, 4)",0.0,0.5,93.33333333333333,20.0,100.0,0.0014915100928003522,-0.006665076252414682,0.010149532954338847,-0.01015908910249641,0.592514750069971,-0.7142857142857143,0.6,disorder,rand,2.0,2,0.2
2,"(0, 1)","(2, 3)","(1, 4)",0.0,0.5,86.66666666666667,20.0,100.0,0.01635770046322982,-0.030231620368658205,0.043087884513364205,-0.02776975841399143,0.5645262870517416,-0.14285714285714288,0.3142857142857143,disorder,rand,2.0,2,0.2
3,"(0, 1)","(2, 3)","(1, 4)",0.0,0.5,86.66666666666667,40.0,100.0,0.045053055424975064,-0.0626338656895937,0.08041576646708903,-0.05286725318394636,0.5608034504875693,0.5428571428571429,0.48571428571428577,disorder,rand,2.0,2,0.2
1,"(0, 1)","(2, 3)","(1, 4)",0.0,0.5,93.33333333333333,20.0,100.0,0.0018165376517687015,-0.014421556499052308,0.018502875495178817,-0.018902986381806874,0.5747474710634367,-0.7142857142857143,0.6,disorder,rand,2.0,2,0.3
2,"(0, 1)","(2, 3)","(1, 4)",0.0,0.5,86.66666666666667,40.0,100.0,0.024875527313761303,-0.05534454739759158,0.07329880479621798,-0.05229559421240171,0.5581814200264814,-0.14285714285714288,0.4285714285714286,disorder,rand,2.0,2,0.3
3,"(0, 1)","(2, 3)","(1, 4)",0.0,0.5,93.33333333333333,20.0,100.0,0.07170011093005857,-0.1054923689122016,0.13737812934235705,-0.09768189032523233,0.5527150153373569,0.7142857142857143,0.3142857142857143,disorder,rand,2.0,2,0.3
1,"(0, 1)","(2, 3)","(0, 4)",0.0,0.5,86.66666666666667,40.0,53.333333333333336,0.0015610303269020243,-0.02474169775384824,0.029364768426076715,-0.026894645262945382,0.5238837652720456,-0.8285714285714287,0.6,disorder,rand,2.0,2,0.4
2,"(0, 1)","(2, 3)","(1, 4)",0.0,0.5,86.66666666666667,26.666666666666668,100.0,0.036180690608640376,-0.08041727677329219,0.11526531859663347,-0.07272858783712532,0.5462172941084543,0.08571428571428573,0.4285714285714286,disorder,rand,2.0,2,0.4
3,"(0, 1)","(2, 3)","(1, 4)",0.0,0.5,93.33333333333333,20.0,100.0,0.11310004993556833,-0.14692063550592016,0.20318009150952276,-0.13131161383030365,0.5357339063761294,0.7142857142857143,0.3142857142857143,disorder,rand,2.0,2,0.4
1,"(1, 2)","(2, 3)","(3, 5)",0.5,0.0,46.666666666666664,93.33333333333333,73.33333333333333,-0.0033425121266600355,0.0017064286853457622,0.0049794965887473355,-0.0007701791085177878,0.5545638562932615,0.7142857142857143,-0.3714285714285715,disorder,rand,2.0,3,0.12
2,"(1, 2)","(2, 3)","(1, 3)",0.5,0.5,46.666666666666664,93.33333333333333,100.0,-0.016057160914714763,0.013560488988103025,0.03414886640341397,-0.0028062544392728483,0.5503855590791685,0.7142857142857143,-0.14285714285714288,disorder,rand,2.0,3,0.12
3,"(1, 2)","(2, 3)","(1, 3)",0.5,0.5,46.666666666666664,93.33333333333333,100.0,-0.030242815969987458,0.03881824518377597,0.08370078612618848,-0.005254387848148467,0.5606116565094992,0.5428571428571429,0.028571428571428574,disorder,rand,2.0,3,0.12
1,"(2, 3)","(2, 3)","(3, 5)",1.0,0.5,100.0,100.0,73.33333333333333,-0.001123477250428162,-0.001123477250428162,0.012700970291461139,-0.022338635518892203,0.5820745210183007,0.8285714285714287,0.14285714285714288,disorder,rand,2.0,3,0.2
2,"(2, 3)","(2, 3)","(1, 3)",1.0,0.5,100.0,100.0,86.66666666666667,0.010185741067416099,0.010185741067416099,0.06467871383479651,-0.055591775529942766,0.4962210418915466,0.8857142857142858,0.2571428571428572,disorder,rand,2.0,3,0.2
3,"(2, 3)","(2, 3)","(1, 3)",1.0,0.5,100.0,100.0,86.66666666666667,0.04603423709544141,0.04603423709544141,0.13684861069936327,-0.09718186995232347,0.4643348224522582,0.8857142857142858,0.3714285714285715,disorder,rand,2.0,3,0.2
1,"(2, 3)","(2, 3)","(3, 5)",1.0,0.5,100.0,100.0,80.0,-0.0024068591126552574,-0.0024068591126552574,0.022087201538651402,-0.03980540752024686,0.5004065358235793,0.8285714285714287,0.14285714285714288,disorder,rand,2.0,3,0.3
2,"(2, 3)","(2, 3)","(1, 3)",1.0,0.5,100.0,100.0,73.33333333333333,0.018354288646584282,0.018354288646584282,0.09556463193419074,-0.0986923648700031,0.44344361773419394,0.8857142857142858,0.2571428571428572,disorder,rand,2.0,3,0.3
3,"(2, 3)","(2, 3)","(1, 3)",1.0,0.5,100.0,100.0,73.33333333333333,0.0895607785379382,0.0895607785379382,0.20194272992262174,-0.16703151012388318,0.4318212174737783,0.7714285714285715,0.3714285714285715,disorder,rand,2.0,3,0.3
1,"(2, 3)","(2, 3)","(3, 5)",1.0,0.5,100.0,100.0,80.0,-0.0017200217833990283,-0.0017200217833990283,0.029882293736638865,-0.05141616884549427,0.4787613550714456,0.8285714285714287,0.14285714285714288,disorder,rand,2.0,3,0.4
2,"(2, 3)","(2, 3)","(1, 3)",1.0,0.5,100.0,100.0,73.33333333333333,0.044745521902757046,0.044745521902757046,0.1340612892837345,-0.13060512503864896,0.4322673902090616,0.7714285714285715,0.3714285714285715,disorder,rand,2.0,3,0.4
3,"(2, 3)","(2, 3)","(1, 3)",1.0,0.5,100.0,100.0,73.33333333333333,0.1524955971905445,0.1524955971905445,0.28476409022581584,-0.22022645539352603,0.43720497638038613,0.7714285714285715,0.3714285714285715,disorder,rand,2.0,3,0.4
1,"(1, 2)","(2, 3)","(2, 4)",0.5,0.5,73.33333333333333,40.0,46.666666666666664,-9.15029026081482e-05,-0.0026529896619130293,0.006783102993898199,-0.007614116482971084,0.2939047439818488,-0.5428571428571429,0.4285714285714286,disorder,rand,2.0,4,0.12
2,"(1, 2)","(2, 3)","(1, 4)",0.5,0.5,86.66666666666667,40.0,100.0,0.006192551212006875,-0.015036808635794947,0.028726094298878735,-0.01634838517014786,0.29604189288648913,-0.3142857142857143,0.6,disorder,rand,2.0,4,0.12
3,"(1, 2)","(2, 3)","(1, 4)",0.5,0.5,86.66666666666667,40.0,100.0,0.02372932997545693,-0.03442589425973287,0.06753732057351969,-0.02749963586425841,0.2849957561928422,0.8285714285714287,0.08571428571428573,disorder,rand,2.0,4,0.12
1,"(1, 2)","(2, 3)","(1, 4)",0.5,0.5,86.66666666666667,40.0,100.0,0.0011627637048602923,-0.009872742563083528,0.01734048153194223,-0.01041920219316339,0.35707103707777704,-0.7142857142857143,0.6,disorder,rand,2.0,4,0.2
2,"(1, 2)","(2, 3)","(1, 4)",0.5,0.5,86.66666666666667,40.0,100.0,0.0166258319252649,-0.04570642402056825,0.07936778635037278,-0.02448869743047405,0.3479302284005698,0.08571428571428573,0.6,disorder,rand,2.0,4,0.2
3,"(1, 2)","(2, 3)","(1, 4)",0.5,0.5,86.66666666666667,40.0,100.0,0.04863450102857492,-0.09292437271266031,0.16412269757135167,-0.04435958248772601,0.32915487893260836,0.942857142857143,0.08571428571428573,disorder,rand,2.0,4,0.2
1,"(1, 2)","(2, 3)","(1, 4)",0.5,0.5,60.0,40.0,100.0,0.003234649977180426,-0.025371462879396206,0.0395992270583978,-0.008946453216898353,0.5615030402249994,-0.5428571428571429,0.6,disorder,rand,2.0,4,0.3
2,"(1, 2)","(2, 3)","(1, 4)",0.5,0.5,66.66666666666666,40.0,100.0,0.02494576093406614,-0.09566500883741128,0.1498967898429837,-0.031099075327332054,0.4511798339985727,0.08571428571428573,0.6,disorder,rand,2.0,4,0.3
3,"(1, 2)","(2, 3)","(1, 4)",0.5,0.5,93.33333333333333,40.0,100.0,0.05272643558105944,-0.1660294615173452,0.2640788060783972,-0.06400900858521968,0.4104768969064817,0.8285714285714287,0.08571428571428573,disorder,rand,2.0,4,0.3
1,"(1, 4)","(2, 3)","(1, 4)",0.0,1.0,100.0,40.0,100.0,0.059457844411873184,-0.04311728327488634,0.059457844411873184,-0.049478360940077515,0.5000000000000026,-0.14285714285714288,0.8285714285714287,disorder,rand,2.0,4,0.4
2,"(1, 4)","(2, 3)","(1, 4)",0.0,1.0,100.0,40.0,100.0,0.19257048434612734,-0.1326180881240005,0.19257048434612734,-0.1313030641006243,0.5000000000000013,0.4285714285714286,0.8857142857142858,disorder,rand,2.0,4,0.4
3,"(1, 4)","(2, 3)","(1, 4)",0.0,1.0,100.0,40.0,100.0,0.31309810465877663,-0.20307493942296514,0.31309810465877663,-0.21107478716918848,0.4999999999999997,0.942857142857143,0.6,disorder,rand,2.0,4,0.4
1,"(2, 3)","(2, 3)","(2, 4)",1.0,0.5,93.33333333333333,93.33333333333333,100.0,0.0007079602812570113,0.0007079602812570113,0.00983408173810596,-0.003549043931235181,0.33669947465224254,1.0,0.2,disorder,rand,2.0,5,0.12
2,"(2, 3)","(2, 3)","(2, 4)",1.0,0.5,93.33333333333333,93.33333333333333,100.0,0.004137840324499806,0.004137840324499806,0.053979106953889744,-0.008025473031062685,0.2808594180230977,1.0,0.2,disorder,rand,2.0,5,0.12
3,"(2, 3)","(2, 3)","(2, 4)",1.0,0.5,93.33333333333333,93.33333333333333,100.0,0.005322122116811212,0.005322122116811212,0.10414099705626345,-0.012473866144558629,0.24185915261620453,1.0,0.2,disorder,rand,2.0,5,0.12
1,"(2, 3)","(2, 3)","(2, 4)",1.0,0.5,93.33333333333333,93.33333333333333,100.0,-0.0007556104713414558,-0.0007556104713414558,0.023117642762843227,-0.012049584489173981,0.3640368233947107,0.8857142857142858,0.2571428571428572,disorder,rand,2.0,5,0.2
2,"(2, 3)","(2, 3)","(2, 4)",1.0,0.5,93.33333333333333,93.33333333333333,100.0,-0.00040888435323904737,-0.00040888435323904737,0.11823763668806886,-0.02693504979866046,0.3051061560651455,0.8857142857142858,0.2571428571428572,disorder,rand,2.0,5,0.2
3,"(2, 3)","(2, 3)","(2, 4)",1.0,0.5,93.33333333333333,93.33333333333333,100.0,-0.0014393323657602153,-0.0014393323657602153,0.21820974363433665,-0.043458937453095564,0.264880978530147,0.8857142857142858,0.2571428571428572,disorder,rand,2.0,5,0.2
1,"(2, 4)","(2, 3)","(2, 4)",0.5,1.0,86.66666666666667,93.33333333333333,86.66666666666667,0.040854912599024296,-0.006647475602201691,0.040854912599024296,-0.0469948221530232,0.4999999999999955,0.7714285714285715,0.48571428571428577,disorder,rand,2.0,5,0.3
2,"(2, 4)","(2, 3)","(2, 4)",0.5,1.0,86.66666666666667,100.0,86.66666666666667,0.19125201350140286,-0.02004382458070636,0.19125201350140286,-0.1244547569499681,0.500000000000003,0.7714285714285715,0.48571428571428577,disorder,rand,2.0,5,0.3
3,"(2, 4)","(2, 3)","(2, 4)",0.5,1.0,86.66666666666667,100.0,86.66666666666667,0.34016399992233826,-0.01606876219349962,0.34016399992233826,-0.18992574124475947,0.4999999999999994,0.8285714285714287,0.4285714285714286,disorder,rand,2.0,5,0.3
1,"(2, 4)","(2, 3)","(2, 4)",0.5,1.0,86.66666666666667,100.0,86.66666666666667,0.06040386477278337,-0.013585455166765792,0.06040386477278337,-0.05145250762222653,0.4999999999999966,0.7714285714285715,0.48571428571428577,disorder,rand,2.0,5,0.4
2,"(2, 4)","(2, 3)","(2, 4)",0.5,1.0,86.66666666666667,100.0,86.66666666666667,0.2541687780682522,-0.028809874942269387,0.2541687780682522,-0.13464419262911698,0.5000000000000019,0.8285714285714287,0.4285714285714286,disorder,rand,2.0,5,0.4
3,"(2, 4)","(2, 3)","(2, 4)",0.5,1.0,100.0,93.33333333333333,100.0,0.41789593226091215,0.007115825466323944,0.41789593226091215,-0.22142031522324945,0.49999999999999906,0.942857142857143,0.4285714285714286,disorder,rand,2.0,5,0.4
1,"(3, 4)","(2, 3)","(1, 4)",0.5,0.5,73.33333333333333,93.33333333333333,46.666666666666664,0.0024518565428199857,-0.004731320337274039,0.007119111409646939,-0.0058070408410724195,0.29382987921974624,0.6571428571428573,0.4285714285714286,disorder,rand,2.0,6,0.12
2,"(3, 4)","(2, 3)","(1, 4)",0.5,0.5,73.33333333333333,93.33333333333333,46.666666666666664,0.016377870532992,-0.013134947631067706,0.02403659538718239,-0.01690326753915594,0.4030428161257217,0.2571428571428572,0.2571428571428572,disorder,rand,2.0,6,0.12
3,"(3, 4)","(2, 3)","(1, 3)",0.5,0.5,80.0,93.33333333333333,100.0,0.036422832442492004,-0.000522828819418536,0.05437496775309025,-0.03204855001557416,0.40643173858398435,0.8285714285714287,0.48571428571428577,disorder,rand,2.0,6,0.12
1,"(3, 4)","(2, 3)","(1, 4)",0.5,0.5,93.33333333333333,86.66666666666667,60.0,0.004625542879610478,-0.010756696335086219,0.015444764717233994,-0.016111715226605594,0.4999999999999944,-0.08571428571428573,0.6,disorder,rand,2.0,6,0.2
2,"(3, 4)","(2, 3)","(1, 4)",0.5,0.5,100.0,86.66666666666667,80.0,0.033079657682505426,-0.033307324415374207,0.05662178979958021,-0.04578792199967707,0.500000000000007,0.2,0.5428571428571429,disorder,rand,2.0,6,0.2
3,"(3, 4)","(2, 3)","(1, 3)",0.5,0.5,100.0,86.66666666666667,93.33333333333333,0.07977656690430712,-0.017264625906172337,0.1138121869525055,-0.08501747886232891,0.4999999999999984,0.6571428571428573,0.7142857142857143,disorder,rand,2.0,6,0.2
1,"(3, 4)","(2, 3)","(1, 4)",0.5,0.5,100.0,46.666666666666664,93.33333333333333,0.005959873285140693,-0.02112032838040595,0.027343845550776846,-0.030620782916886413,0.5000000000000001,-0.14285714285714288,0.6,disorder,rand,2.0,6,0.3
2,"(3, 4)","(2, 3)","(1, 4)",0.5,0.5,100.0,40.0,93.33333333333333,0.051071908533599775,-0.07006492131165526,0.11142312014508327,-0.08428021314899059,0.5000000000000032,-0.08571428571428573,0.5428571428571429,disorder,rand,2.0,6,0.3
3,"(3, 4)","(2, 3)","(1, 4)",0.5,0.5,100.0,46.666666666666664,93.33333333333333,0.13580808492553165,-0.06644222763847185,0.1824647759187492,-0.14866875395315515,0.4999999999999988,0.48571428571428577,0.5428571428571429,disorder,rand,2.0,6,0.3
1,"(3, 4)","(2, 3)","(1, 4)",0.5,0.5,93.33333333333333,40.0,100.0,0.0062415694801987165,-0.036323277177188196,0.042483439031071324,-0.04241852089644449,0.5000000000000012,-0.3714285714285715,0.6,disorder,rand,2.0,6,0.4
2,"(3, 4)","(2, 3)","(1, 4)",0.5,0.5,100.0,40.0,93.33333333333333,0.07102297469518404,-0.10634092591869704,0.17442046951793966,-0.11305881827873099,0.5000000000000019,-0.08571428571428573,0.5428571428571429,disorder,rand,2.0,6,0.4
3,"(3, 4)","(2, 3)","(1, 4)",0.5,0.5,100.0,33.33333333333333,93.33333333333333,0.1786608724737071,-0.09654922361699625,0.2916765735199456,-0.19543585686119924,0.4999999999999993,0.6571428571428573,0.5428571428571429,disorder,rand,2.0,6,0.4
1,"(2, 3)","(2, 3)","(3, 5)",1.0,0.5,100.0,100.0,66.66666666666666,0.0022312721348027864,0.0022312721348027864,0.003321830701603634,-0.006647391579264528,0.5313194814504065,-0.2,-0.14285714285714288,disorder,rand,2.0,7,0.12
2,"(2, 3)","(2, 3)","(2, 5)",1.0,0.5,100.0,100.0,93.33333333333333,0.0157670470203064,0.0157670470203064,0.016943636209355573,-0.018860102281931468,0.5065777231100834,0.48571428571428577,-0.08571428571428573,disorder,rand,2.0,7,0.12
3,"(2, 3)","(2, 3)","(2, 5)",1.0,0.5,100.0,100.0,93.33333333333333,0.03589605183266564,0.03589605183266564,0.03813722194726976,-0.033425057688960313,0.500338667904671,0.7714285714285715,0.2,disorder,rand,2.0,7,0.12
1,"(2, 3)","(2, 3)","(3, 5)",1.0,0.5,100.0,100.0,60.0,0.0040086773541470055,0.0040086773541470055,0.007816400479916386,-0.019076150471582065,0.49999999999999883,-0.3714285714285715,-0.08571428571428573,disorder,rand,2.0,7,0.2
2,"(2, 3)","(2, 3)","(2, 5)",1.0,0.5,100.0,100.0,86.66666666666667,0.032642700736519314,0.032642700736519314,0.03966663291643635,-0.05094058231630916,0.499999999999997,-0.3142857142857143,-0.028571428571428574,disorder,rand,2.0,7,0.2
3,"(2, 3)","(2, 3)","(2, 5)",1.0,0.5,100.0,100.0,86.66666666666667,0.07923056996208766,0.07923056996208766,0.0821134430819348,-0.09020518305157521,0.49999999999999684,0.6571428571428573,0.2571428571428572,disorder,rand,2.0,7,0.2
1,"(2, 3)","(2, 3)","(3, 5)",1.0,0.5,100.0,100.0,46.666666666666664,0.004784344041453004,0.004784344041453004,0.014451477759467313,-0.03621859621573886,0.49999999999999273,-0.08571428571428573,0.08571428571428573,disorder,rand,2.0,7,0.3
2,"(2, 3)","(2, 3)","(3, 5)",1.0,0.5,100.0,100.0,73.33333333333333,0.04962313621677428,0.04962313621677428,0.07247614666672453,-0.09463204120239266,0.499999999999999,-0.2,0.3142857142857143,disorder,rand,2.0,7,0.3
3,"(2, 3)","(2, 3)","(2, 5)",1.0,0.5,100.0,100.0,80.0,0.13632167742109402,0.13632167742109402,0.13911196638326184,-0.16357221777079012,0.5000000000000006,0.6571428571428573,0.3714285714285715,disorder,rand,2.0,7,0.3
1,"(2, 3)","(2, 3)","(3, 5)",1.0,0.5,100.0,100.0,53.333333333333336,0.004745486354384987,0.004745486354384987,0.020037063580875536,-0.047621306709351274,0.4999999999999991,-0.028571428571428574,0.3714285714285715,disorder,rand,2.0,7,0.4
2,"(2, 3)","(2, 3)","(3, 5)",1.0,0.5,100.0,100.0,73.33333333333333,0.07201630109761159,0.07201630109761159,0.1051834127726825,-0.12351527633760406,0.500000000000002,0.14285714285714288,0.6,disorder,rand,2.0,7,0.4
3,"(2, 3)","(2, 3)","(3, 5)",1.0,0.5,100.0,100.0,66.66666666666666,0.19215813575883867,0.19215813575883867,0.20606257424996222,-0.2151174591887165,0.5000000000000009,0.8857142857142858,0.6,disorder,rand,2.0,7,0.4
1,"(3, 5)","(2, 3)","(3, 5)",0.5,1.0,100.0,60.0,100.0,0.006379320269912503,0.0017022063659921996,0.006379320269912503,-0.0071640425965513455,0.4999999999999824,0.8285714285714287,0.4285714285714286,disorder,rand,2.0,8,0.12
2,"(3, 5)","(2, 3)","(3, 5)",0.5,1.0,100.0,66.66666666666666,100.0,0.03417943250254463,0.006238965603018037,0.03417943250254463,-0.02352996968338794,0.4999999999999986,0.7714285714285715,0.3714285714285715,disorder,rand,2.0,8,0.12
3,"(3, 5)","(2, 3)","(3, 5)",0.5,1.0,100.0,86.66666666666667,100.0,0.06623557900034327,0.00869818881194171,0.06623557900034327,-0.04077621400906817,0.5000000000000002,0.7714285714285715,0.3714285714285715,disorder,rand,2.0,8,0.12
1,"(3, 5)","(2, 3)","(3, 5)",0.5,1.0,100.0,60.0,100.0,0.014896317729382602,0.004626878520260225,0.014896317729382602,-0.019450595486740996,0.5000000000000182,0.6,0.4285714285714286,disorder,rand,2.0,8,0.2
2,"(3, 5)","(2, 3)","(3, 5)",0.5,1.0,100.0,60.0,100.0,0.07705703848326584,0.017753992337104507,0.07705703848326584,-0.05522122348895109,0.5000000000000105,0.6,0.4285714285714286,disorder,rand,2.0,8,0.2
3,"(3, 5)","(2, 3)","(3, 5)",0.5,1.0,100.0,86.66666666666667,100.0,0.14428565626738998,0.028056116107907647,0.14428565626738998,-0.09275271618193104,0.4999999999999934,0.6,0.4285714285714286,disorder,rand,2.0,8,0.2
1,"(3, 5)","(2, 3)","(3, 5)",0.5,1.0,100.0,86.66666666666667,100.0,0.026718212727443458,0.008975245280652966,0.026718212727443458,-0.029568479967641226,0.5000000000000034,0.6571428571428573,0.48571428571428577,disorder,rand,2.0,8,0.3
2,"(3, 5)","(2, 3)","(3, 5)",0.5,1.0,100.0,86.66666666666667,100.0,0.11924250257774549,0.04136191602914452,0.11924250257774549,-0.07361831387896522,0.500000000000004,0.6,0.48571428571428577,disorder,rand,2.0,8,0.3
3,"(3, 5)","(2, 3)","(3, 5)",0.5,1.0,100.0,93.33333333333333,100.0,0.213275734622278,0.07673210551431331,0.213275734622278,-0.1281932913911017,0.4999999999999992,0.6,0.48571428571428577,disorder,rand,2.0,8,0.3
1,"(3, 5)","(2, 3)","(3, 5)",0.5,1.0,86.66666666666667,93.33333333333333,86.66666666666667,0.041134037215524444,0.011801799171490268,0.041134037215524444,-0.02948825177528369,0.4999999999999952,0.6,0.48571428571428577,disorder,rand,2.0,8,0.4
2,"(3, 5)","(2, 3)","(3, 5)",0.5,1.0,86.66666666666667,100.0,86.66666666666667,0.15897063497014807,0.0597002272451036,0.15897063497014807,-0.08531093883939,0.5000000000000004,0.6,0.48571428571428577,disorder,rand,2.0,8,0.4
3,"(3, 5)","(2, 3)","(3, 5)",0.5,1.0,93.33333333333333,100.0,93.33333333333333,0.27575823629214735,0.11993769259661669,0.27575823629214735,-0.16115105319169087,0.4999999999999989,0.8285714285714287,0.48571428571428577,disorder,rand,2.0,8,0.4
1,"(1, 2)","(2, 3)","(3, 5)",0.5,0.0,100.0,46.666666666666664,40.0,-0.0027800391236465494,0.003476056547080386,0.004953564440137724,-0.013870256474229015,0.4999999999999966,0.8285714285714287,-0.3714285714285715,disorder,rand,2.0,9,0.12
2,"(1, 2)","(2, 3)","(3, 5)",0.5,0.0,100.0,46.666666666666664,40.0,-0.007022767114909234,0.011567421171501113,0.016554595092379325,-0.027216528041843935,0.5000000000000095,0.8285714285714287,-0.2,disorder,rand,2.0,9,0.12
3,"(1, 2)","(2, 3)","(1, 3)",0.5,0.5,100.0,46.666666666666664,73.33333333333333,-0.004094783238747235,0.010657366668513912,0.024225131506342423,-0.04158667090529011,0.49999999999999317,0.48571428571428577,0.028571428571428574,disorder,rand,2.0,9,0.12
1,"(2, 3)","(2, 3)","(3, 5)",1.0,0.5,46.666666666666664,46.666666666666664,40.0,0.005096016689944971,0.005096016689944971,0.010044823832145236,0.002710307081975394,0.5930808633929421,0.942857142857143,-0.08571428571428573,disorder,rand,2.0,9,0.2
2,"(2, 3)","(2, 3)","(3, 5)",1.0,0.5,66.66666666666666,66.66666666666666,40.0,0.025132032637129598,0.025132032637129598,0.03532126816978792,-0.005221118672225078,0.777359497468333,0.6571428571428573,0.14285714285714288,disorder,rand,2.0,9,0.2
3,"(2, 3)","(2, 3)","(1, 3)",1.0,0.5,66.66666666666666,66.66666666666666,73.33333333333333,0.047328748035659896,0.047328748035659896,0.05984925969874322,-0.018587481581717302,0.816785795147071,0.6,0.3142857142857143,disorder,rand,2.0,9,0.2
1,"(2, 3)","(2, 3)","(3, 5)",1.0,0.5,93.33333333333333,93.33333333333333,26.666666666666668,0.003718000997929849,0.003718000997929849,0.013782011649125028,-0.021386602120791576,0.6040574702515813,0.5428571428571429,0.028571428571428574,disorder,rand,2.0,9,0.3
2,"(2, 3)","(2, 3)","(1, 3)",1.0,0.5,100.0,100.0,46.666666666666664,0.040881966832199135,0.040881966832199135,0.06049023804113984,-0.06935143187825954,0.5000000000000032,0.5428571428571429,0.4285714285714286,disorder,rand,2.0,9,0.3
3,"(2, 3)","(2, 3)","(1, 3)",1.0,0.5,100.0,100.0,46.666666666666664,0.11630809012732835,0.11630809012732835,0.12968260537560394,-0.1304376480974221,0.5000000000000021,0.5428571428571429,0.6571428571428573,disorder,rand,2.0,9,0.3
1,"(2, 3)","(2, 3)","(1, 3)",1.0,0.5,100.0,100.0,46.666666666666664,0.001971479088820338,0.001971479088820338,0.016219721214552063,-0.04902549900369613,0.49999999999999595,0.4285714285714286,0.14285714285714288,disorder,rand,2.0,9,0.4
2,"(2, 3)","(2, 3)","(1, 3)",1.0,0.5,100.0,100.0,66.66666666666666,0.07194384159300071,0.07194384159300071,0.08391741112182438,-0.13269856510002564,0.4999999999999973,0.6,0.6571428571428573,disorder,rand,2.0,9,0.4
3,"(2, 3)","(2, 3)","(2, 3)",1.0,1.0,100.0,100.0,100.0,0.2014715333497341,0.2014715333497341,0.2014715333497341,-0.2241598771905875,0.49999999999999895,0.8857142857142858,0.7714285714285715,disorder,rand,2.0,9,0.4
